Rank,University,Country,FTE_students,Staff_students,International_students_pct,Female_male_ratio
1,University of Oxford,United Kingdom,"20,664",11.2,41%,46 : 54
2,California Institute of Technology,United States,"2,240",6.4,30%,34 : 66
3,University of Cambridge,United Kingdom,"18,978",10.9,37%,47 : 53
4,Stanford University,United States,"16,135",7.3,23%,43 : 57
5,Massachusetts Institute of Technology,United States,"11,247",8.6,34%,39 : 61
6,Princeton University,United States,"7,983",8.1,25%,45 : 55
7,Harvard University,United States,"20,823",9.2,24%,49 : 51
8,Yale University,United States,"12,402",5.4,20%,50 : 50
9,The University of Chicago,United States,"13,833",5.7,28%,46 : 54
10,Imperial College London,United Kingdom,"16,760",11.7,56%,38 : 62
11,University of Pennsylvania,United States,"20,578",6.5,21%,52 : 48
12,Johns Hopkins University,United States,"16,171",4.5,26%,52 : 48
=13,"University of California, Berkeley",United States,"41,081",13.7,17%,50 : 50
=13,ETH Zurich,Switzerland,"18,956",12.5,39%,32 : 68
15,UCL,United Kingdom,"32,665",10.6,52%,57 : 43
16,Columbia University,United States,"26,586",5.8,37%,n/a
17,"University of California, Los Angeles",United States,"41,066",9.4,17%,54 : 46
18,University of Toronto,Canada,"73,370",20.1,21%,59 : 41
19,Cornell University,United States,"22,319",9.8,25%,49 : 51
20,Duke University,United States,"15,309",4.3,19%,49 : 51
21,University of Michigan-Ann Arbor,United States,"42,982",8.3,17%,49 : 51
22,Northwestern University,United States,"17,951",12.8,20%,49 : 51
23,Tsinghua University,China,"38,783",12.0,11%,34 : 66
24,Peking University,China,"39,575",11.5,15%,46 : 54
25,National University of Singapore,Singapore,"30,869",17.9,28%,51 : 49
26,University of Washington,United States,"45,692",11.1,16%,53 : 47
=27,Carnegie Mellon University,United States,"13,430",13.6,48%,41 : 59
=27,London School of Economics and Political Science,United Kingdom,"10,570",12.1,71%,53 : 47
29,New York University,United States,"44,466",8.9,33%,57 : 43
30,University of Edinburgh,United Kingdom,"29,433",12.8,41%,60 : 40
31,"University of California, San Diego",United States,"33,579",13.0,23%,46 : 54
=32,LMU Munich,Germany,"34,519",34.7,17%,61 : 39
=32,University of Melbourne,Australia,"47,385",26.3,46%,56 : 44
34,University of British Columbia,Canada,"52,108",18.1,32%,55 : 45
35,University of Hong Kong,Hong Kong,"18,260",18.2,44%,54 : 46
=36,King’s College London,United Kingdom,"26,057",12.5,44%,62 : 38
=36,The University of Tokyo,Japan,"25,913",10.6,12%,n/a
=38,École Polytechnique Fédérale de Lausanne,Switzerland,"10,492",11.4,59%,28 : 72
=38,Georgia Institute of Technology,United States,"21,372",18.3,27%,33 : 67
=38,University of Texas at Austin,United States,"49,165",17.2,10%,52 : 48
41,Karolinska Institute,Sweden,"7,777",9.0,20%,68 : 32
42,McGill University,Canada,"31,294",13.0,29%,58 : 42
43,Technical University of Munich,Germany,"40,472",47.8,27%,34 : 66
44,Heidelberg University,Germany,"20,800",16.1,18%,54 : 46
=45,KU Leuven,Belgium,"45,049",36.3,15%,50 : 50
=45,Paris Sciences et Lettres – PSL Research University Paris,France,"21,298",11.5,26%,46 : 54
47,The Hong Kong University of Science and Technology,Hong Kong,"10,125",22.3,31%,n/a
=48,University of Illinois at Urbana-Champaign,United States,"44,916",17.9,24%,47 : 53
=48,"Nanyang Technological University, Singapore",Singapore,"25,088",15.9,27%,48 : 52
50,Australian National University,Australia,"17,359",17.8,44%,52 : 48
51,University of Wisconsin-Madison,United States,"39,154",10.0,13%,n/a
52,Washington University in St Louis,United States,"13,401",7.5,20%,n/a
53,Brown University,United States,"9,391",10.8,20%,n/a
54,University of North Carolina at Chapel Hill,United States,"35,419",9.4,8%,57 : 43
=55,"University of California, Davis",United States,"39,164",12.0,14%,58 : 42
=55,University of Manchester,United Kingdom,"37,038",14.4,40%,53 : 47
=57,"University of California, Santa Barbara",United States,"24,089",27.6,16%,52 : 48
=57,Chinese University of Hong Kong,Hong Kong,"18,340",18.6,32%,n/a
59,Wageningen University & Research,Netherlands,"13,914",21.3,27%,53 : 47
60,University of Sydney,Australia,"45,111",20.1,39%,58 : 42
61,Boston University,United States,"25,662",11.6,27%,60 : 40
=62,University of Amsterdam,Netherlands,"26,723",13.5,18%,56 : 44
=62,University of Southern California,United States,"36,929",11.7,25%,53 : 47
64,Seoul National University,South Korea,"26,182",12.4,12%,n/a
65,Kyoto University,Japan,"22,566",9.0,9%,24 : 76
66,The University of Queensland,Australia,"39,144",35.7,34%,55 : 45
=67,Delft University of Technology,Netherlands,"18,743",20.2,30%,29 : 71
=67,Leiden University,Netherlands,"28,741",18.7,16%,59 : 41
69,Erasmus University Rotterdam,Netherlands,"23,167",20.4,23%,51 : 49
70,Ohio State University (Main campus),United States,"54,372",12.5,13%,50 : 50
71,UNSW Sydney,Australia,"44,336",35.7,41%,47 : 53
72,McMaster University,Canada,"24,412",28.1,17%,55 : 45
73,University of Groningen,Netherlands,"27,228",23.8,21%,51 : 49
74,Humboldt University of Berlin,Germany,"33,463",56.1,17%,n/a
=75,Monash University,Australia,"52,989",33.9,39%,57 : 43
=75,Utrecht University,Netherlands,"31,833",14.2,9%,59 : 41
77,University of Warwick,United Kingdom,"20,599",13.2,41%,49 : 51
78,Penn State (Main campus),United States,"46,204",15.3,16%,46 : 54
79,University of Minnesota,United States,"61,120",12.4,11%,52 : 48
=80,Charité - Universitätsmedizin Berlin,Germany,"7,076",17.6,19%,64 : 36
=80,Emory University,United States,"12,735",4.0,20%,58 : 42
=80,University of Science and Technology of China,China,"16,245",7.7,4%,n/a
=80,Sorbonne University,France,"43,076",13.5,19%,58 : 42
84,Michigan State University,United States,"44,789",16.5,16%,51 : 49
85,University of Montreal,Canada,"36,794",20.2,22%,n/a
86,University of Freiburg,Germany,"21,475",42.8,23%,54 : 46
87,University of Bristol,United Kingdom,"21,783",13.6,27%,54 : 46
88,Purdue University West Lafayette,United States,"40,451",15.7,23%,43 : 57
89,Sungkyunkwan University (SKKU),South Korea,"23,342",19.5,15%,43 : 57
90,University of Zurich,Switzerland,"22,609",12.3,21%,57 : 43
=91,"University of Maryland, College Park",United States,"33,108",16.6,11%,48 : 52
=91,University of Tübingen,Germany,"27,901",37.5,14%,58 : 42
93,École Polytechnique,France,"3,030",5.7,40%,22 : 78
=94,University of Basel,Switzerland,"11,518",15.8,27%,56 : 44
=94,Dartmouth College,United States,"6,247",7.7,15%,49 : 51
=96,"University of California, Irvine",United States,"32,706",16.5,26%,52 : 48
=96,University of Helsinki,Finland,"22,072",16.6,5%,66 : 34
=96,Lund University,Sweden,"27,266",12.1,19%,54 : 46
=99,University of Glasgow,United Kingdom,"25,357",15.4,37%,59 : 41
=99,RWTH Aachen University,Germany,"45,377",61.1,21%,32 : 68
101,University of Copenhagen,Denmark,"31,219",4.3,17%,57 : 43
=102,Georgetown University,United States,"16,279",8.5,18%,54 : 46
=102,Uppsala University,Sweden,"25,438",16.7,15%,57 : 43
104,University of Arizona,United States,"39,124",18.4,10%,52 : 48
=105,University of Bonn,Germany,"36,352",67.7,13%,55 : 45
=105,Rice University,United States,"6,667",8.9,28%,42 : 58
=107,University of Virginia (Main campus),United States,"23,116",8.6,12%,52 : 48
=107,Zhejiang University,China,"33,427",10.7,22%,23 : 77
109,Fudan University,China,"32,537",11.2,12%,53 : 47
=110,Korea Advanced Institute of Science and Technology (KAIST),South Korea,"9,481",10.2,8%,20 : 80
=110,Queen Mary University of London,United Kingdom,"17,799",14.1,43%,54 : 46
112,University of Birmingham,United Kingdom,"29,542",15.5,29%,57 : 43
=113,University of Bern,Switzerland,"11,090",16.5,16%,56 : 44
=113,University of Pittsburgh-Pittsburgh campus,United States,"26,652",5.8,11%,51 : 49
115,Aarhus University,Denmark,"26,842",14.4,9%,55 : 45
116,Vanderbilt University,United States,"12,006",3.0,14%,54 : 46
=117,Free University of Berlin,Germany,"35,894",58.2,21%,59 : 41
=117,University of Sheffield,United Kingdom,"26,218",15.0,34%,50 : 50
119,Case Western Reserve University,United States,"10,654",8.8,23%,50 : 50
=120,University of Adelaide,Australia,"21,093",29.9,29%,49 : 51
=120,National Taiwan University (NTU),Taiwan,"27,254",11.1,11%,40 : 60
122,University of Southampton,United Kingdom,"23,863",13.7,34%,53 : 47
123,Ghent University,Belgium,"38,080",37.0,10%,54 : 46
124,University of Colorado Boulder,United States,"33,186",16.3,11%,44 : 56
125,University of Göttingen,Germany,"30,773",29.1,13%,51 : 49
126,City University of Hong Kong,Hong Kong,"9,587",11.0,45%,59 : 41
127,Maastricht University,Netherlands,"16,857",18.6,54%,60 : 40
=128,Radboud University Nijmegen,Netherlands,"20,024",17.5,14%,55 : 45
=128,University of York,United Kingdom,"16,058",14.9,24%,56 : 44
130,Université de Paris,France,"61,390",15.5,17%,64 : 36
=131,University of Oslo,Norway,"20,783",12.6,17%,62 : 38
=131,The University of Western Australia,Australia,"18,400",23.2,29%,49 : 51
133,Durham University,United Kingdom,"16,963",14.8,30%,55 : 45
=134,Indiana University,United States,"66,872",13.6,15%,52 : 48
=134,University of Vienna,Austria,"33,547",40.2,27%,66 : 34
=136,University of Alberta,Canada,"31,919",21.0,26%,55 : 45
=136,University of Cape Town,South Africa,"21,812",11.9,17%,53 : 47
138,Vrije Universiteit Amsterdam,Netherlands,"23,025",16.5,10%,58 : 42
=139,Lancaster University,United Kingdom,"12,657",12.5,38%,51 : 49
=139,Tufts University,United States,"11,017",9.8,16%,55 : 45
=141,University of Ottawa,Canada,"35,365",24.7,19%,59 : 41
=141,Ulm University,Germany,"10,629",27.7,13%,48 : 52
143,Pompeu Fabra University,Spain,"11,636",21.6,13%,60 : 40
=144,University of Geneva,Switzerland,"16,935",15.6,39%,61 : 39
=144,Nanjing University,China,"34,569",15.5,10%,44 : 56
=146,University of Exeter,United Kingdom,"21,451",17.6,28%,54 : 46
=146,Pohang University of Science and Technology (POSTECH),South Korea,"3,215",10.3,3%,23 : 77
=146,University of Sussex,United Kingdom,"14,978",16.1,39%,54 : 46
=149,University of Hamburg,Germany,"30,375",59.3,12%,56 : 44
=149,Sant’Anna School of Advanced Studies – Pisa,Italy,776,12.4,19%,35 : 65
=149,Technical University of Berlin,Germany,"22,622",60.6,24%,34 : 66
=152,Université Catholique de Louvain,Belgium,"26,235",39.3,20%,53 : 47
=152,University of Nottingham,United Kingdom,"29,699",14.6,29%,54 : 46
=152,Scuola Normale Superiore di Pisa,Italy,558,6.8,11%,29 : 71
=155,Arizona State University (Tempe),United States,"46,683",21.1,21%,43 : 57
=155,University of Leeds,United Kingdom,"30,236",14.2,29%,61 : 39
=157,Autonomous University of Barcelona,Spain,"31,877",12.6,16%,59 : 41
=157,University of Cologne,Germany,"36,965",36.5,16%,63 : 37
=157,University of Mannheim,Germany,"10,730",79.9,18%,56 : 44
=157,University of Notre Dame,United States,"12,104",13.7,12%,45 : 55
=157,Shanghai Jiao Tong University,China,"38,853",11.1,13%,44 : 56
=157,TU Dresden,Germany,"32,309",34.2,14%,42 : 58
163,University of Würzburg,Germany,"24,082",36.6,10%,56 : 44
164,Trinity College Dublin,Ireland,"16,853",21.9,30%,59 : 41
165,University of Liverpool,United Kingdom,"23,057",13.8,33%,55 : 45
=166,Bielefeld University,Germany,"24,875",77.5,8%,57 : 43
=166,University of Leicester,United Kingdom,"14,645",14.3,32%,53 : 47
=168,University of Aberdeen,United Kingdom,"12,399",15.7,39%,57 : 43
=168,University of Bologna,Italy,"65,819",24.0,12%,56 : 44
=168,"Rutgers, the State University of New Jersey",United States,"44,801",11.2,17%,52 : 48
171,Hong Kong Polytechnic University,Hong Kong,"20,388",23.1,25%,52 : 48
172,University of Alabama at Birmingham,United States,"16,927",16.7,6%,62 : 38
=173,Northeastern University,United States,"19,575",13.9,35%,49 : 51
=173,University of Rochester,United States,"9,824",4.2,31%,49 : 51
=175,University of Florida,United States,"46,642",16.8,10%,55 : 45
=175,Karlsruhe Institute of Technology,Germany,"27,255",25.6,22%,28 : 72
=175,Stockholm University,Sweden,"27,185",19.5,14%,n/a
178,Texas A&M University,United States,"60,818",24.8,8%,47 : 53
=179,University of Auckland,New Zealand,"32,821",22.1,32%,56 : 44
=179,"University of California, Santa Cruz",United States,"18,783",23.0,10%,50 : 50
=179,Korea University,South Korea,"22,965",16.0,22%,n/a
=179,Queensland University of Technology,Australia,"34,871",38.2,16%,54 : 46
183,University of Erlangen-Nuremberg,Germany,"38,111",57.0,12%,48 : 52
=184,Aalto University,Finland,"12,195",18.6,26%,34 : 66
=184,Technical University of Denmark,Denmark,"9,265",6.6,25%,30 : 70
=186,Eindhoven University of Technology,Netherlands,"8,917",20.7,19%,n/a
=186,University of Gothenburg,Sweden,"19,677",10.2,13%,n/a
188,Télécom Paris,France,923,5.6,39%,21 : 79
=189,Lomonosov Moscow State University,Russian Federation,"29,235",7.3,29%,48 : 52
=189,University of Münster,Germany,"43,835",43.4,8%,n/a
=189,Tel Aviv University,Israel,"22,414",22.3,7%,55 : 45
192,University of East Anglia,United Kingdom,"15,195",13.9,28%,60 : 40
193,University of Canberra,Australia,"10,823",36.2,32%,n/a
=194,University of Duisburg-Essen,Germany,"42,698",53.0,19%,48 : 52
=194,University of Technology Sydney,Australia,"26,385",43.4,34%,51 : 49
=194,University of the Witwatersrand,South Africa,"28,521",26.3,8%,56 : 44
197,Yonsei University (Seoul campus),South Korea,"17,744",14.6,22%,47 : 53
=198,University of Antwerp,Belgium,"15,166",29.3,17%,55 : 45
=198,Cardiff University,United Kingdom,"25,501",13.5,27%,59 : 41
=198,George Washington University,United States,"23,488",13.1,18%,60 : 40
=198,University of Lausanne,Switzerland,"12,197",9.6,24%,n/a
=198,University of St Andrews,United Kingdom,"9,213",12.7,46%,58 : 42
201–250,Aalborg University,Denmark,"16,340",13.6,15%,n/a
201–250,University of Barcelona,Spain,"46,214",11.8,10%,62 : 38
201–250,University of Bergen,Norway,"14,007",12.5,14%,60 : 40
201–250,Brandeis University,United States,"5,375",12.2,27%,57 : 43
201–250,University of Calgary,Canada,"28,560",16.0,19%,n/a
201–250,Copenhagen Business School,Denmark,"16,317",30.9,25%,48 : 52
201–250,University of Dundee,United Kingdom,"12,122",17.6,22%,63 : 37
201–250,École Normale Supérieure de Lyon,France,"2,362",8.9,13%,48 : 52
201–250,Griffith University,Australia,"34,120",23.6,17%,58 : 42
201–250,University of Hawai’i at Mānoa,United States,"15,054",10.8,10%,57 : 43
201–250,Hebrew University of Jerusalem,Israel,"16,137",12.0,5%,56 : 44
201–250,University of Hohenheim,Germany,"9,234",37.8,15%,57 : 43
201–250,Howard University,United States,"8,449",7.5,8%,65 : 35
201–250,University of Iowa,United States,"28,945",11.6,12%,52 : 48
201–250,James Cook University,Australia,"11,491",21.2,11%,63 : 37
201–250,King Abdulaziz University,Saudi Arabia,"32,853",7.9,21%,54 : 46
201–250,University of Konstanz,Germany,"11,387",56.1,13%,55 : 45
201–250,KTH Royal Institute of Technology,Sweden,"12,659",15.7,20%,33 : 67
201–250,Université Libre de Bruxelles,Belgium,"27,194",36.2,34%,56 : 44
201–250,University of Luxembourg,Luxembourg,"4,654",18.7,49%,51 : 49
201–250,Macquarie University,Australia,"30,234",68.6,29%,52 : 48
201–250,University of Massachusetts,United States,"61,204",13.0,15%,48 : 52
201–250,Medical University of Graz,Austria,"3,352",10.9,24%,53 : 47
201–250,Medical University of Vienna,Austria,"7,142",8.1,30%,52 : 48
201–250,University of Miami,United States,"15,971",6.3,16%,52 : 48
201–250,Moscow Institute of Physics and Technology (MIPT),Russian Federation,"5,716",11.2,15%,24 : 76
201–250,Newcastle University,United Kingdom,"22,691",14.1,27%,51 : 49
201–250,University of Otago,New Zealand,"18,196",20.0,21%,59 : 41
201–250,University of Padua,Italy,"45,169",21.3,4%,55 : 45
201–250,Paris-Sud University,France,"28,726",14.5,17%,56 : 44
201–250,Queen’s University Belfast,United Kingdom,"17,747",17.2,36%,55 : 45
201–250,RCSI University of Medicine and Health Sciences,Ireland,"2,265",21.1,65%,n/a
201–250,University of Reading,United Kingdom,"14,107",14.9,31%,57 : 43
201–250,"St George’s, University of London",United Kingdom,"3,226",14.7,21%,62 : 38
201–250,University of South Florida (Tampa),United States,"33,885",18.9,14%,n/a
201–250,Tilburg University,Netherlands,"8,033",21.4,15%,50 : 50
201–250,University of Twente,Netherlands,"7,584",13.9,32%,37 : 63
201–250,Ulsan National Institute of Science and Technology (UNIST),South Korea,"4,127",13.9,8%,26 : 74
201–250,University College Dublin,Ireland,"22,541",23.1,29%,n/a
201–250,University of Utah,United States,"30,365",14.2,8%,47 : 53
201–250,Virginia Polytechnic Institute and State University,United States,"32,838",18.3,14%,43 : 57
201–250,Vita-Salute San Raffaele University,Italy,"2,610",10.7,3%,59 : 41
201–250,Vrije Universiteit Brussel,Belgium,"11,371",28.4,22%,54 : 46
201–250,Wake Forest University,United States,"7,675",4.0,9%,53 : 47
201–250,University of Waterloo,Canada,"33,519",23.6,20%,47 : 53
201–250,Western University,Canada,"29,865",23.1,18%,56 : 44
201–250,William & Mary,United States,"8,235",11.4,9%,55 : 45
201–250,University of Wollongong,Australia,"18,642",31.5,29%,52 : 48
251–300,Alfaisal University,Saudi Arabia,"2,566",10.4,34%,60 : 40
251–300,Auckland University of Technology,New Zealand,"18,035",17.1,47%,59 : 41
251–300,Autonomous University of Madrid,Spain,"29,576",13.4,14%,61 : 39
251–300,University of Bath,United Kingdom,"13,825",16.4,32%,46 : 54
251–300,Brighton and Sussex Medical School,United Kingdom,879,11.3,15%,57 : 43
251–300,University at Buffalo,United States,"25,849",17.4,17%,44 : 56
251–300,"University of California, Riverside",United States,"22,272",18.0,14%,53 : 47
251–300,Chalmers University of Technology,Sweden,"9,209",12.5,17%,32 : 68
251–300,University of Cincinnati – Uptown,United States,"28,434",20.4,9%,51 : 49
251–300,Curtin University,Australia,"29,214",20.2,31%,51 : 49
251–300,Dalhousie University,Canada,"15,196",14.7,23%,54 : 46
251–300,University of Delaware,United States,"20,566",17.0,10%,57 : 43
251–300,École des Ponts ParisTech,France,"2,005",11.3,44%,32 : 68
251–300,University of Essex,United Kingdom,"11,923",16.1,39%,54 : 46
251–300,Flinders University,Australia,"16,844",25.8,34%,64 : 36
251–300,Florida State University,United States,"38,520",24.1,7%,56 : 44
251–300,George Mason University,United States,"29,377",18.0,10%,54 : 46
251–300,Heriot-Watt University,United Kingdom,"9,189",17.2,35%,41 : 59
251–300,HSE University,Russian Federation,"22,111",13.1,9%,n/a
251–300,University of Illinois at Chicago,United States,"27,031",11.5,20%,52 : 48
251–300,University of Kiel,Germany,"26,412",22.2,8%,53 : 47
251–300,La Trobe University,Australia,"22,292",33.9,29%,64 : 36
251–300,Université Laval,Canada,"29,250",17.3,13%,57 : 43
251–300,Macau University of Science and Technology,Macao,"9,924",24.4,79%,56 : 44
251–300,Medical University of Innsbruck,Austria,"2,966",4.3,44%,52 : 48
251–300,"National University of Ireland, Galway",Ireland,"13,911",26.6,17%,58 : 42
251–300,University of Navarra,Spain,"10,833",13.0,22%,53 : 47
251–300,University of Oregon,United States,"22,143",10.8,12%,54 : 46
251–300,Oregon Health and Science University,United States,"2,895",1.0,3%,66 : 34
251–300,University of Oulu,Finland,"10,086",30.0,6%,51 : 49
251–300,University of Passau,Germany,"11,387",86.6,12%,59 : 41
251–300,University of Potsdam,Germany,"20,063",53.9,11%,57 : 43
251–300,Queen’s University,Canada,"23,306",25.1,13%,58 : 42
251–300,"Royal Holloway, University of London",United Kingdom,"9,503",15.2,36%,59 : 41
251–300,Ruhr University Bochum,Germany,"43,015",60.5,14%,49 : 51
251–300,University of São Paulo,Brazil,"83,214",15.9,4%,48 : 52
251–300,Sapienza University of Rome,Italy,"71,318",21.3,6%,57 : 43
251–300,Simon Fraser University,Canada,"26,521",27.3,30%,55 : 45
251–300,University of South Australia,Australia,"20,268",30.5,25%,58 : 42
251–300,University of Southern Denmark,Denmark,"21,281",12.1,17%,53 : 47
251–300,Stellenbosch University,South Africa,"24,308",26.1,8%,55 : 45
251–300,University of Stuttgart,Germany,"26,004",45.8,20%,32 : 68
251–300,Sun Yat-sen University,China,"53,603",16.6,9%,51 : 49
251–300,University of Surrey,United Kingdom,"13,125",16.0,37%,55 : 45
251–300,Swansea University,United Kingdom,"16,445",16.7,23%,45 : 55
251–300,Syracuse University,United States,"20,236",15.7,20%,53 : 47
251–300,Tampere University,Finland,"15,149",21.8,6%,51 : 49
251–300,Technical University of Darmstadt,Germany,"18,166",40.8,17%,30 : 70
251–300,Tohoku University,Japan,"17,735",8.2,12%,27 : 73
251–300,Tokyo Institute of Technology,Japan,"9,752",7.7,13%,15 : 85
251–300,Western Sydney University,Australia,"32,259",35.7,17%,56 : 44
301–350,Aix-Marseille University,France,"67,857",16.6,12%,59 : 41
301–350,Anglia Ruskin University ARU,United Kingdom,"18,022",23.1,30%,63 : 37
301–350,Beijing Normal University,China,"23,524",15.4,11%,n/a
301–350,Boston College,United States,"12,904",15.7,11%,55 : 45
301–350,University of Canterbury,New Zealand,"13,089",18.0,24%,50 : 50
301–350,Colorado School of Mines,United States,"5,768",16.7,11%,29 : 71
301–350,Cyprus University of Technology,Cyprus,"3,228",17.4,8%,54 : 46
301–350,Deakin University,Australia,"39,305",28.6,22%,58 : 42
301–350,University of Fribourg,Switzerland,"10,887",32.3,18%,59 : 41
301–350,Goethe University Frankfurt,Germany,"47,141",19.6,15%,57 : 43
301–350,Grenoble Alpes University,France,"41,411",17.6,13%,52 : 48
301–350,Huazhong University of Science and Technology,China,"56,379",16.5,5%,36 : 64
301–350,Indian Institute of Science,India,"4,128",9.6,1%,23 : 77
301–350,Indian Institute of Technology Ropar,India,"1,119",7.6,0%,13 : 87
301–350,Jacobs University,Germany,"1,142",16.2,76%,45 : 55
301–350,Johannes Gutenberg University of Mainz,Germany,"31,919",26.9,11%,59 : 41
301–350,University of Klagenfurt,Austria,"3,639",10.8,22%,69 : 31
301–350,Kyung Hee University,South Korea,"22,102",17.3,22%,51 : 49
301–350,University of Liège,Belgium,"20,888",27.0,21%,56 : 44
301–350,University of Macau,Macao,"9,340",14.4,37%,57 : 43
301–350,University of Malaya,Malaysia,"15,140",8.0,20%,63 : 37
301–350,University of Marburg,Germany,"25,541",34.7,12%,55 : 45
301–350,Maynooth University,Ireland,"9,291",28.3,12%,55 : 45
301–350,University of Milan,Italy,"45,451",21.4,6%,59 : 41
301–350,Montpellier University,France,"39,405",19.5,15%,53 : 47
301–350,Nagoya University,Japan,"15,676",9.2,11%,30 : 70
301–350,University of Newcastle,Australia,"22,100",20.7,18%,55 : 45
301–350,University of New Mexico (Main campus),United States,"19,382",17.1,5%,55 : 45
301–350,North Carolina State University,United States,"30,231",12.5,15%,45 : 55
301–350,Nova Southeastern University,United States,"17,785",23.4,6%,69 : 31
301–350,Osaka University,Japan,"22,892",7.4,11%,32 : 68
301–350,Politecnico di Milano,Italy,"35,184",25.0,17%,34 : 66
301–350,Reykjavík University,Iceland,"2,879",24.9,8%,41 : 59
301–350,Rush University,United States,"2,425",2.0,1%,74 : 26
301–350,Southern University of Science and Technology (SUSTech),China,"3,198",9.5,0%,27 : 73
301–350,Stony Brook University,United States,"24,201",10.5,23%,50 : 50
301–350,Swedish University of Agricultural Sciences,Sweden,"3,737",4.5,4%,69 : 31
301–350,University of Tartu,Estonia,"8,532",11.6,8%,68 : 32
301–350,University of Tasmania,Australia,"18,219",24.9,30%,60 : 40
301–350,Temple University,United States,"35,814",13.0,9%,53 : 47
301–350,The University of Tennessee-Knoxville,United States,"25,907",16.8,5%,n/a
301–350,University of Texas at Dallas,United States,"22,757",21.6,25%,43 : 57
301–350,University of Trento,Italy,"12,920",19.5,7%,51 : 49
301–350,Tulane University,United States,"11,185",9.8,11%,57 : 43
301–350,Umeå University,Sweden,"17,373",12.5,11%,60 : 40
301–350,United Arab Emirates University,United Arab Emirates,"7,523",9.2,21%,83 : 17
301–350,Università della Svizzera italiana,Switzerland,"2,768",10.8,67%,49 : 51
301–350,University College Cork,Ireland,"16,861",18.0,18%,58 : 42
301–350,Victoria University,Australia,"14,815",32.2,23%,53 : 47
351–400,University of Alaska Fairbanks,United States,"3,593",8.7,5%,51 : 49
351–400,American University of Beirut,Lebanon,"8,401",8.5,21%,51 : 49
351–400,Australian Catholic University,Australia,"23,886",43.5,12%,73 : 27
351–400,Babol Noshirvani University of Technology,Iran,"5,744",29.6,0%,32 : 68
351–400,University of Bayreuth,Germany,"9,255",29.7,10%,46 : 54
351–400,"Birkbeck, University of London",United Kingdom,"8,631",15.8,38%,54 : 46
351–400,University of Bremen,Germany,"18,915",31.9,12%,51 : 49
351–400,Brunel University London,United Kingdom,"10,961",16.3,36%,47 : 53
351–400,"University of California, Merced",United States,"7,324",20.9,8%,51 : 49
351–400,Catholic University of Portugal,Portugal,"10,998",26.7,10%,60 : 40
351–400,Clark University,United States,"3,045",11.5,23%,60 : 40
351–400,University of Connecticut,United States,"32,446",15.2,9%,53 : 47
351–400,University of Crete,Greece,"13,321",23.4,4%,62 : 38
351–400,University of Denver,United States,"9,535",13.0,9%,57 : 43
351–400,University of Florence,Italy,"34,686",20.4,11%,59 : 41
351–400,"Goldsmiths, University of London",United Kingdom,"8,486",15.3,35%,66 : 34
351–400,Hanyang University,South Korea,"20,087",15.7,21%,n/a
351–400,Hasselt University,Belgium,"5,189",31.1,13%,47 : 53
351–400,Hofstra University,United States,"10,066",13.9,9%,57 : 43
351–400,University of Iceland,Iceland,"8,135",13.9,12%,67 : 33
351–400,IMT Atlantique,France,"1,676",8.2,44%,26 : 74
351–400,Indian Institute of Technology Indore,India,"1,128",9.7,0%,17 : 83
351–400,Iowa State University,United States,"32,469",18.8,12%,44 : 56
351–400,Jordan University of Science and Technology,Jordan,"21,512",13.4,17%,58 : 42
351–400,Justus Liebig University Giessen,Germany,"28,575",46.8,9%,62 : 38
351–400,University of Kent,United Kingdom,"17,754",20.0,31%,53 : 47
351–400,Khalifa University,United Arab Emirates,"3,651",9.5,26%,55 : 45
351–400,Loughborough University,United Kingdom,"14,749",14.3,25%,40 : 60
351–400,University of Manitoba,Canada,"29,311",29.4,17%,53 : 47
351–400,Nankai University,China,"28,061",13.3,7%,n/a
351–400,University of Naples Federico II,Italy,"49,604",19.6,2%,55 : 45
351–400,National Tsing Hua University,Taiwan,"14,853",18.0,10%,42 : 58
351–400,Northumbria University,United Kingdom,"21,811",17.5,17%,55 : 45
351–400,"University of Occupational and Environmental Health, Japan",Japan,"1,142",2.6,1%,54 : 46
351–400,Örebro University,Sweden,"9,735",18.5,6%,61 : 39
351–400,Oregon State University,United States,"24,798",16.0,11%,46 : 54
351–400,University of Perugia,Italy,"24,830",32.3,6%,57 : 43
351–400,University of Pisa,Italy,"33,726",22.4,6%,51 : 49
351–400,RMIT University,Australia,"33,848",22.4,30%,47 : 53
351–400,University of Salerno,Italy,"24,290",25.8,2%,56 : 44
351–400,SUNY University at Albany,United States,"15,947",16.6,10%,52 : 48
351–400,University of Stirling,United Kingdom,"9,250",15.8,23%,63 : 37
351–400,Swinburne University of Technology,Australia,"14,379",27.9,27%,36 : 64
351–400,Taipei Medical University,Taiwan,"5,973",10.2,10%,57 : 43
351–400,TU Dortmund University,Germany,"34,267",108.8,10%,45 : 55
351–400,University of Turku,Finland,"12,785",16.3,6%,63 : 37
351–400,TU Wien,Austria,"10,464",19.9,29%,29 : 71
351–400,Université de Versailles Saint-Quentin-en-Yvelines,France,"16,621",21.2,15%,59 : 41
351–400,Washington State University,United States,"27,957",18.1,7%,52 : 48
351–400,Wayne State University,United States,"22,295",11.3,9%,55 : 45
351–400,Wuhan University,China,"52,502",14.6,7%,n/a
401–500,Aberystwyth University,United Kingdom,"6,866",16.2,19%,49 : 51
401–500,The University of Alabama,United States,"35,120",22.5,4%,56 : 44
401–500,American University,United States,"11,750",11.0,12%,65 : 35
401–500,Aswan University,Egypt,"22,393",40.8,0%,59 : 41
401–500,Bangor University,United Kingdom,"9,590",16.3,23%,58 : 42
401–500,University of Bari Aldo Moro,Italy,"29,564",20.5,1%,61 : 39
401–500,Bond University,Australia,"3,341",10.3,43%,54 : 46
401–500,University of Bordeaux,France,"54,965",21.6,13%,58 : 42
401–500,Bournemouth University,United Kingdom,"13,692",17.1,18%,55 : 45
401–500,Universiti Brunei Darussalam,Brunei Darussalam,"3,830",10.9,15%,67 : 33
401–500,Cankaya University,Turkey,"9,164",28.4,2%,45 : 55
401–500,Centrale Nantes,France,"1,706",16.1,45%,26 : 74
401–500,Central South University,China,"51,546",18.4,2%,n/a
401–500,Charles University in Prague,Czech Republic,"48,623",12.7,18%,62 : 38
401–500,"City, University of London",United Kingdom,"14,362",18.5,51%,56 : 44
401–500,"Colorado State University, Fort Collins",United States,"26,014",16.3,6%,53 : 47
401–500,University of Côte d’Azur,France,"36,706",23.0,23%,55 : 45
401–500,Covenant University,Nigeria,"8,768",15.7,0%,43 : 57
401–500,University of Cyprus,Cyprus,"6,635",22.0,11%,66 : 34
401–500,University of Desarrollo,Chile,"15,384",19.0,4%,56 : 44
401–500,Diego Portales University,Chile,"17,287",14.9,2%,49 : 51
401–500,Drexel University,United States,"19,801",11.1,17%,50 : 50
401–500,University of Eastern Finland,Finland,"11,630",18.5,6%,64 : 36
401–500,École des Mines de Saint-Étienne,France,973,8.1,25%,28 : 72
401–500,Edith Cowan University,Australia,"17,560",31.3,26%,60 : 40
401–500,Federal University of Toulouse Midi-Pyrénées,France,"103,857",19.2,14%,54 : 46
401–500,University of Ferrara,Italy,"14,644",25.2,7%,56 : 44
401–500,Free University of Bozen-Bolzano,Italy,"3,891",12.0,13%,67 : 33
401–500,Fujita Health University,Japan,"2,942",3.2,0%,55 : 45
401–500,University of Genoa,Italy,"23,977",19.5,9%,55 : 45
401–500,University of Georgia,United States,"35,164",16.3,7%,57 : 43
401–500,Georgia State University,United States,"29,290",14.4,6%,61 : 39
401–500,Gwangju Institute of Science and Technology,South Korea,"2,098",12.1,6%,25 : 75
401–500,Harbin Institute of Technology,China,"29,603",9.9,12%,32 : 68
401–500,Hokkaido University,Japan,"18,225",8.1,11%,31 : 69
401–500,Hong Kong Baptist University,Hong Kong,"8,759",11.6,45%,65 : 35
401–500,University of Houston,United States,"44,128",25.7,9%,50 : 50
401–500,Hunan University,China,"40,715",20.4,2%,46 : 54
401–500,Indian Institute of Technology Bombay,India,"10,267",16.1,1%,19 : 81
401–500,Indian Institute of Technology Delhi,India,"7,284",14.8,1%,20 : 80
401–500,Indian Institute of Technology Kharagpur,India,"9,167",12.3,0%,18 : 82
401–500,University of Innsbruck,Austria,"14,128",12.6,40%,53 : 47
401–500,ITMO University,Russian Federation,"10,206",13.1,16%,37 : 63
401–500,University of Kansas,United States,"24,526",9.9,9%,52 : 48
401–500,University of Kentucky,United States,"27,078",12.4,4%,55 : 45
401–500,University of KwaZulu-Natal,South Africa,"36,660",29.2,4%,58 : 42
401–500,Kyushu University,Japan,"18,643",8.8,13%,28 : 72
401–500,Leibniz University Hannover,Germany,"27,625",54.0,14%,40 : 60
401–500,Linköping University,Sweden,"18,544",11.2,12%,53 : 47
401–500,Liverpool John Moores University,United Kingdom,"19,461",17.4,14%,53 : 47
401–500,Mansoura University,Egypt,"140,126",24.9,3%,55 : 45
401–500,Middlesex University,United Kingdom,"15,649",18.0,45%,60 : 40
401–500,University of Milan-Bicocca,Italy,"26,509",28.9,6%,62 : 38
401–500,University of Missouri-St Louis,United States,"7,019",16.0,6%,58 : 42
401–500,Mizzou - University of Missouri,United States,"28,513",13.3,6%,53 : 47
401–500,University of Modena and Reggio Emilia,Italy,"17,432",24.8,6%,54 : 46
401–500,Murdoch University,Australia,"14,905",27.7,37%,60 : 40
401–500,National Research Nuclear University MEPhI,Russian Federation,"6,489",10.8,24%,31 : 69
401–500,University of Nebraska-Lincoln,United States,"24,610",17.2,11%,48 : 52
401–500,New Mexico Institute of Mining and Technology,United States,"1,809",11.3,8%,30 : 70
401–500,Norwegian University of Science and Technology,Norway,"35,181",15.8,8%,48 : 52
401–500,Oklahoma State University,United States,"21,494",15.8,7%,50 : 50
401–500,University of Pavia,Italy,"24,623",41.5,8%,56 : 44
401–500,University of Peradeniya,Sri Lanka,"17,482",10.8,1%,61 : 39
401–500,University of the Philippines,Philippines,"39,877",8.4,1%,58 : 42
401–500,Polytechnic University of Bari,Italy,"6,122",24.4,1%,33 : 67
401–500,Pontifical Javeriana University,Colombia,"30,048",15.4,1%,55 : 45
401–500,University of Porto,Portugal,"32,020",18.7,15%,55 : 45
401–500,University of Portsmouth,United Kingdom,"20,186",15.4,26%,45 : 55
401–500,Qatar University,Qatar,"15,585",17.3,38%,76 : 24
401–500,Quaid-i-Azam University,Pakistan,"14,694",24.8,1%,57 : 43
401–500,Rensselaer Polytechnic Institute,United States,"7,798",15.6,20%,32 : 68
401–500,Royal Veterinary College,United Kingdom,"2,067",10.9,19%,78 : 22
401–500,Sabancı University,Turkey,"3,605",21.5,9%,37 : 63
401–500,University of St Gallen,Switzerland,"7,579",11.8,34%,35 : 65
401–500,University of Saskatchewan,Canada,"17,194",17.7,20%,56 : 44
401–500,Sciences Po,France,"11,915",45.1,34%,60 : 40
401–500,Sejong University,South Korea,"12,119",17.0,10%,47 : 53
401–500,Semmelweis University,Hungary,"10,996",9.8,31%,68 : 32
401–500,University of Siena,Italy,"12,636",14.8,8%,59 : 41
401–500,SOAS University of London,United Kingdom,"5,194",12.1,53%,65 : 35
401–500,University of South Carolina-Columbia,United States,"32,291",16.2,5%,55 : 45
401–500,University of Strasbourg,France,"46,898",18.8,20%,58 : 42
401–500,University of Strathclyde,United Kingdom,"18,517",19.0,27%,50 : 50
401–500,Technion Israel Institute of Technology,Israel,"14,703",21.8,5%,36 : 64
401–500,Teikyo University,Japan,"22,873",16.7,2%,34 : 66
401–500,The University of Texas at San Antonio,United States,"24,435",24.5,4%,51 : 49
401–500,Tokyo Medical and Dental University (TMDU),Japan,"2,999",3.3,9%,49 : 51
401–500,Tongji University,China,"35,690",13.1,13%,45 : 55
401–500,University of Trieste,Italy,"15,933",23.5,8%,55 : 45
401–500,University of Tsukuba,Japan,"16,844",13.6,21%,39 : 61
401–500,The University of Tulsa,United States,"5,067",12.4,16%,45 : 55
401–500,University of Turin,Italy,"55,957",29.6,8%,61 : 39
401–500,UiT The Arctic University of Norway,Norway,"16,475",13.0,10%,59 : 41
401–500,University of Urbino Carlo Bo,Italy,"14,278",39.6,6%,61 : 39
401–500,University of Valencia,Spain,"50,311",14.9,12%,62 : 38
401–500,Verona University,Italy,"19,873",27.5,5%,64 : 36
401–500,University of Victoria,Canada,"21,169",25.7,20%,55 : 45
401–500,Yasouj University,Iran,"6,332",27.5,0%,46 : 54
401–500,York University,Canada,"46,683",35.4,24%,57 : 43
501–600,University of Alabama in Huntsville,United States,"6,729",16.3,8%,43 : 57
501–600,Amirkabir University of Technology,Iran,"11,580",21.6,2%,35 : 65
501–600,University of L’Aquila,Italy,"18,867",55.3,4%,57 : 43
501–600,Aston University,United Kingdom,"11,113",21.1,26%,48 : 52
501–600,Universidad Autónoma de Chile,Chile,"23,312",26.2,1%,65 : 35
501–600,Bar-Ilan University,Israel,"16,723",17.5,5%,60 : 40
501–600,Beihang University,China,"29,952",13.7,6%,n/a
501–600,Bilkent University,Turkey,"10,374",14.5,9%,46 : 54
501–600,SUNY Binghamton University,United States,"17,848",23.3,14%,49 : 51
501–600,Université Bourgogne Franche-Comté (UBFC),France,"59,858",32.9,11%,53 : 47
501–600,University of Brescia,Italy,"14,206",27.2,7%,46 : 54
501–600,University of Campinas,Brazil,"28,795",15.1,3%,47 : 53
501–600,Carleton University,Canada,"27,570",29.7,21%,48 : 52
501–600,University of Catania,Italy,"25,392",20.4,2%,57 : 43
501–600,Catholic University of the Sacred Heart,Italy,"28,725",21.6,7%,65 : 35
501–600,CentraleSupélec,France,"4,226",10.2,29%,22 : 78
501–600,Charles Darwin University,Australia,"6,314",22.8,32%,66 : 34
501–600,Institute of Chemical Technology,India,"2,146",18.2,0%,34 : 66
501–600,"China Medical University, Taiwan",Taiwan,"7,603",16.5,8%,54 : 46
501–600,Chung-Ang University,South Korea,"16,681",22.1,18%,n/a
501–600,Claude Bernard University Lyon 1,France,"26,875",12.7,13%,53 : 47
501–600,Complutense University of Madrid,Spain,"62,624",19.7,13%,61 : 39
501–600,East China Normal University,China,"25,747",11.5,17%,65 : 35
501–600,Florida International University,United States,"34,203",23.8,8%,57 : 43
501–600,University of Graz,Austria,"20,312",21.9,13%,65 : 35
501–600,Graz University of Technology,Austria,"6,370",10.0,20%,23 : 77
501–600,University of Greifswald,Germany,"10,247",21.1,7%,56 : 44
501–600,University of Guelph,Canada,"22,165",29.1,9%,59 : 41
501–600,Hacettepe University,Turkey,"47,035",22.0,4%,56 : 44
501–600,University of Haifa,Israel,"16,164",21.0,2%,66 : 34
501–600,Hamburg University of Technology,Germany,"5,216",35.2,19%,27 : 73
501–600,University of Hull,United Kingdom,"14,047",18.2,19%,53 : 47
501–600,University of Ibadan,Nigeria,"26,648",16.4,1%,48 : 52
501–600,University of Idaho,United States,"9,694",17.0,8%,48 : 52
501–600,Indian Institute of Technology Gandhinagar,India,"1,222",11.2,0%,22 : 78
501–600,Indian Institute of Technology Roorkee,India,"7,561",16.4,2%,16 : 84
501–600,University of Insubria,Italy,"7,646",22.1,6%,55 : 45
501–600,University of Jyväskylä,Finland,"10,200",15.0,5%,61 : 39
501–600,Kansai Medical University,Japan,841,1.1,3%,38 : 62
501–600,University of Kashan,Iran,"8,438",27.4,3%,53 : 47
501–600,Keele University,United Kingdom,"9,004",15.0,19%,56 : 44
501–600,King Fahd University of Petroleum and Minerals,Saudi Arabia,"6,882",6.8,13%,0 : 100
501–600,King Saud University,Saudi Arabia,"38,971",10.4,10%,59 : 41
501–600,King Saud bin Abdulaziz University for Health Sciences,Saudi Arabia,"11,708",6.9,1%,52 : 48
501–600,Koç University,Turkey,"5,381",15.6,6%,51 : 49
501–600,Lappeenranta-Lahti University of Technology LUT,Finland,"3,851",28.2,19%,31 : 69
501–600,University of Limerick,Ireland,"14,221",21.7,17%,48 : 52
501–600,Lincoln University,New Zealand,"2,476",13.5,39%,49 : 51
501–600,University of Lisbon,Portugal,"47,886",17.7,12%,52 : 48
501–600,Louisiana State University,United States,"29,169",20.7,6%,52 : 48
501–600,Marche Polytechnic University,Italy,"10,603",20.7,4%,48 : 52
501–600,Mashhad University of Medical Sciences,Iran,"9,134",10.6,3%,60 : 40
501–600,Massey University,New Zealand,"18,653",16.2,31%,62 : 38
501–600,Memorial University of Newfoundland,Canada,"15,127",13.7,18%,57 : 43
501–600,Missouri University of Science and Technology,United States,"8,084",22.2,14%,23 : 77
501–600,National and Kapodistrian University of Athens,Greece,"57,697",28.4,10%,62 : 38
501–600,National Chiao Tung University,Taiwan,"12,017",16.7,12%,30 : 70
501–600,National Taiwan University of Science and Technology (Taiwan Tech),Taiwan,"8,340",19.5,15%,30 : 70
501–600,National Yang-Ming University,Taiwan,"4,258",5.1,2%,48 : 52
501–600,University of Nebraska Medical Center,United States,"3,041",2.3,7%,68 : 32
501–600,University of Neuchâtel,Switzerland,"4,284",12.8,22%,60 : 40
501–600,New Jersey Institute of Technology,United States,"9,279",15.1,17%,25 : 75
501–600,Northern Arizona University,United States,"29,684",28.1,5%,60 : 40
501–600,North-West University,South Africa,"36,749",29.9,4%,62 : 38
501–600,Norwegian University of Life Sciences,Norway,"5,790",6.9,21%,59 : 41
501–600,Novosibirsk State University,Russian Federation,"7,123",6.2,20%,n/a
501–600,The Open University,United Kingdom,"61,915",32.3,8%,62 : 38
501–600,Open University of Catalonia,Spain,"22,962",84.5,2%,56 : 44
501–600,Universidad Peruana Cayetano Heredia,Peru,"6,236",10.6,0%,66 : 34
501–600,Peter the Great St Petersburg Polytechnic University,Russian Federation,"18,251",9.0,28%,39 : 61
501–600,University of Plymouth,United Kingdom,"17,667",17.2,15%,55 : 45
501–600,Polytechnic University of Turin,Italy,"31,425",35.8,13%,28 : 72
501–600,Pontifical Catholic University of Chile,Chile,"28,541",15.0,7%,n/a
501–600,Renmin University of China,China,"25,590",12.5,6%,n/a
501–600,University of Rhode Island,United States,"16,569",19.3,3%,57 : 43
501–600,University of Rome II – Tor Vergata,Italy,"34,965",19.9,11%,52 : 48
501–600,University of Rome III,Italy,"31,696",50.1,5%,59 : 41
501–600,Rovira i Virgili University,Spain,"12,411",12.3,11%,59 : 41
501–600,San Diego State University,United States,"30,799",30.5,8%,55 : 45
501–600,Sharif University of Technology,Iran,"9,260",19.8,2%,26 : 74
501–600,Shenzhen University,China,"35,171",15.5,1%,48 : 52
501–600,University of Siegen,Germany,"19,268",42.3,12%,50 : 50
501–600,Soochow University,China,"44,835",16.4,7%,54 : 46
501–600,South China University of Technology,China,"41,139",13.9,5%,38 : 62
501–600,Southeast University,China,"32,951",11.6,5%,40 : 60
501–600,Suez Canal University,Egypt,"35,363",10.8,1%,58 : 42
501–600,Tehran University of Medical Sciences,Iran,"12,511",6.9,7%,58 : 42
501–600,Tianjin University,China,"34,780",14.0,6%,n/a
501–600,Tomsk State University,Russian Federation,"7,655",11.9,29%,n/a
501–600,Universiti Tunku Abdul Rahman (UTAR),Malaysia,"18,763",16.1,2%,52 : 48
501–600,University of Udine,Italy,"11,793",17.8,7%,53 : 47
501–600,Victoria University of Wellington,New Zealand,"17,442",18.9,21%,56 : 44
501–600,University of Waikato,New Zealand,"9,892",18.1,19%,58 : 42
501–600,The University of the West Indies,Jamaica,"23,305",22.2,1%,71 : 29
501–600,University of the West of Scotland,United Kingdom,"11,730",22.4,21%,59 : 41
501–600,University of Wisconsin-Milwaukee,United States,"20,874",19.3,6%,53 : 47
501–600,University of Wuppertal,Germany,"23,343",55.8,11%,52 : 48
501–600,Xiamen University,China,"40,841",14.6,4%,47 : 53
501–600,Xi’an Jiaotong University,China,"36,557",12.5,6%,32 : 68
501–600,Yokohama City University,Japan,"4,910",4.5,2%,56 : 44
601–800,Åbo Akademi University,Finland,"5,295",17.5,16%,n/a
601–800,The University of Aizu,Japan,"1,165",10.8,5%,11 : 89
601–800,University of Alcalá,Spain,"17,793",12.9,18%,56 : 44
601–800,Amedeo Avogadro University of Eastern Piedmont,Italy,"13,447",36.1,6%,62 : 38
601–800,Amrita Vishwa Vidyapeetham,India,"14,689",11.9,12%,n/a
601–800,"University of the Andes, Colombia",Colombia,"15,521",13.2,2%,44 : 56
601–800,Aristotle University of Thessaloniki,Greece,"46,505",26.8,5%,58 : 42
601–800,University of Arkansas,United States,"24,754",19.8,5%,52 : 48
601–800,Auburn University,United States,"26,641",18.8,9%,51 : 49
601–800,University of Aveiro,Portugal,"9,774",16.5,12%,51 : 49
601–800,University of the Balearic Islands,Spain,"11,277",12.8,7%,59 : 41
601–800,Banaras Hindu University,India,"14,953",11.3,3%,10 : 90
601–800,University of the Basque Country,Spain,"42,485",14.8,4%,53 : 47
601–800,Baylor University,United States,"17,078",16.2,6%,57 : 43
601–800,Beijing Institute of Technology,China,"30,608",13.3,8%,35 : 65
601–800,University of Beira Interior,Portugal,"7,022",15.7,14%,52 : 48
601–800,Beni-Suef University,Egypt,"67,981",25.3,1%,46 : 54
601–800,University of Bergamo,Italy,"19,022",57.0,7%,61 : 39
601–800,Boğaziçi University,Turkey,"13,202",23.2,3%,46 : 54
601–800,University of Brighton,United Kingdom,"17,155",18.0,21%,59 : 41
601–800,Ca’ Foscari University of Venice,Italy,"15,636",27.7,10%,65 : 35
601–800,Cairo University,Egypt,"223,275",40.6,2%,48 : 52
601–800,University of Calabria,Italy,"27,403",33.0,2%,57 : 43
601–800,University of Central Florida,United States,"56,228",35.3,4%,56 : 44
601–800,Central Queensland University,Australia,"14,701",20.8,31%,55 : 45
601–800,Chemnitz University of Technology,Germany,"10,473",45.7,24%,43 : 57
601–800,China Agricultural University,China,"19,586",11.6,1%,58 : 42
601–800,"China University of Petroleum, Beijing",China,"15,150",18.7,4%,n/a
601–800,Clemson University,United States,"21,436",17.0,7%,47 : 53
601–800,University of Clermont Auvergne,France,"34,644",18.8,13%,56 : 44
601–800,University of Coimbra,Portugal,"21,404",17.6,19%,57 : 43
601–800,COMSATS University Islamabad,Pakistan,"33,030",11.4,1%,28 : 72
601–800,Concordia University,Canada,"33,543",32.3,29%,50 : 50
601–800,University of Costa Rica,Costa Rica,"33,900",15.1,2%,53 : 47
601–800,Coventry University,United Kingdom,"27,531",16.4,46%,47 : 53
601–800,Creighton University,United States,"8,228",11.1,8%,58 : 42
601–800,Dalian University of Technology,China,"39,665",15.7,3%,35 : 65
601–800,University of Delhi,India,"24,547",23.0,1%,47 : 53
601–800,De Montfort University,United Kingdom,"19,093",19.5,27%,56 : 44
601–800,Dublin City University,Ireland,"12,619",24.0,10%,57 : 43
601–800,East China University of Science and Technology,China,"25,519",15.6,2%,43 : 57
601–800,École Centrale de Lyon,France,"1,998",16.1,24%,25 : 75
601–800,École normale supérieure Paris-Saclay,France,"1,869",12.6,14%,30 : 70
601–800,University of Electronic Science and Technology of China,China,"33,242",16.4,4%,31 : 69
601–800,Eötvös Loránd University,Hungary,"26,105",16.7,9%,65 : 35
601–800,Ewha Womans University,South Korea,"14,510",16.9,15%,100 : 0
601–800,Federal University of Minas Gerais,Brazil,"43,899",12.6,2%,53 : 47
601–800,Universidade Federal do Rio Grande do Sul,Brazil,"52,579",19.4,1%,52 : 48
601–800,Universidade Federal de Santa Catarina,Brazil,"38,719",16.6,2%,49 : 51
601–800,Universidade Federal de São Paulo (UNIFESP),Brazil,"14,572",9.3,1%,59 : 41
601–800,Ferhat Abbas Sétif University 1,Algeria,"34,002",22.7,1%,65 : 35
601–800,University of Girona,Spain,"13,906",19.0,14%,58 : 42
601–800,Glasgow Caledonian University,United Kingdom,"12,637",19.9,17%,59 : 41
601–800,University of Granada,Spain,"56,044",15.4,10%,59 : 41
601–800,University of Greenwich,United Kingdom,"14,477",18.0,36%,58 : 42
601–800,University of Hertfordshire,United Kingdom,"17,584",17.5,28%,56 : 44
601–800,Hiroshima University,Japan,"15,077",9.0,10%,36 : 64
601–800,Huazhong Agricultural University,China,"25,956",17.4,2%,54 : 46
601–800,University of Huddersfield,United Kingdom,"14,483",20.7,24%,55 : 45
601–800,IDC Herzliya,Israel,"6,908",47.0,24%,52 : 48
601–800,Imam Khomeini International University,Iran,"8,330",28.6,7%,55 : 45
601–800,"Indian Institute of Science Education and Research, Pune",India,"1,274",9.5,0%,32 : 68
601–800,Indian Institute of Technology Bhubaneswar,India,"1,237",10.7,0%,15 : 85
601–800,Indian Institute of Technology Guwahati,India,"5,699",13.5,1%,17 : 83
601–800,Indian Institute of Technology Hyderabad,India,"2,088",11.9,0%,20 : 80
601–800,Indian Institute of Technology Kanpur,India,"6,860",13.6,0%,14 : 86
601–800,Indian Institute of Technology Madras,India,"9,241",15.6,1%,20 : 80
601–800,University of Indonesia,Indonesia,"41,170",9.9,11%,65 : 35
601–800,University of International Business and Economics,China,"15,775",17.4,18%,66 : 34
601–800,University of Ioannina,Greece,"21,902",44.3,3%,47 : 53
601–800,Iran University of Medical Sciences,Iran,"8,673",9.0,3%,59 : 41
601–800,Iran University of Science and Technology,Iran,"13,273",31.7,1%,31 : 69
601–800,ISCTE-University Institute of Lisbon,Portugal,"8,898",24.2,12%,50 : 50
601–800,Isfahan University of Technology,Iran,"10,064",20.7,1%,44 : 56
601–800,Istanbul Technical University,Turkey,"34,825",23.0,4%,34 : 66
601–800,Jagiellonian University,Poland,"40,608",10.9,9%,68 : 32
601–800,Jamia Millia Islamia,India,"10,653",9.7,3%,40 : 60
601–800,Jaume I University,Spain,"12,182",15.6,9%,58 : 42
601–800,Jawaharlal Nehru University,India,"7,938",13.9,4%,52 : 48
601–800,Jiangsu Normal University,China,"21,455",14.3,2%,n/a
601–800,Jikei University School of Medicine,Japan,"1,078",0.9,1%,47 : 53
601–800,University of Johannesburg,South Africa,"26,445",23.9,15%,55 : 45
601–800,Johannes Kepler University of Linz,Austria,"6,122",10.5,11%,51 : 49
601–800,Kafrelsheikh University,Egypt,"74,546",39.7,1%,51 : 49
601–800,University of Kaiserslautern,Germany,"14,869",51.6,18%,39 : 61
601–800,Kansas State University,United States,"21,536",14.3,9%,50 : 50
601–800,Kazan Federal University,Russian Federation,"26,670",10.8,13%,66 : 34
601–800,Universiti Kebangsaan Malaysia,Malaysia,"17,180",10.1,15%,61 : 39
601–800,Keio University,Japan,"34,916",10.4,8%,36 : 64
601–800,Kent State University,United States,"24,559",20.4,9%,60 : 40
601–800,Kindai University,Japan,"33,125",13.6,2%,30 : 70
601–800,King Khalid University,Saudi Arabia,"38,865",8.1,11%,53 : 47
601–800,Kobe University,Japan,"15,593",9.5,7%,35 : 65
601–800,Konkuk University,South Korea,"12,225",23.2,16%,70 : 30
601–800,Kurume University,Japan,"4,850",7.3,2%,39 : 61
601–800,Lakehead University,Canada,"8,050",24.5,13%,56 : 44
601–800,University of La Laguna,Spain,"18,336",12.9,4%,58 : 42
601–800,Lehigh University,United States,"6,462",10.8,17%,44 : 56
601–800,University of Leoben,Austria,"3,074",5.9,15%,26 : 74
601–800,University of Lille,France,"69,287",29.0,13%,58 : 42
601–800,University of Lincoln,United Kingdom,"12,060",15.1,13%,56 : 44
601–800,University of Ljubljana,Slovenia,"40,110",14.7,6%,60 : 40
601–800,University of Lleida,Spain,"8,595",14.7,8%,59 : 41
601–800,University of Lorraine,France,"58,678",19.2,16%,52 : 48
601–800,"Lumière University, Lyon 2",France,"25,134",51.1,19%,72 : 28
601–800,Mae Fah Luang University,Thailand,"13,534",22.3,4%,73 : 27
601–800,Mahidol University,Thailand,"28,476",10.2,4%,49 : 51
601–800,Makerere University,Uganda,"34,651",23.6,8%,45 : 55
601–800,Universiti Malaysia Perlis,Malaysia,"12,154",17.1,5%,49 : 51
601–800,University of Malta,Malta,"11,772",13.0,9%,58 : 42
601–800,Manchester Metropolitan University,United Kingdom,"28,146",15.1,16%,58 : 42
601–800,"University of Maryland, Baltimore County",United States,"11,667",18.1,8%,45 : 55
601–800,Masaryk University,Czech Republic,"31,611",20.2,21%,62 : 38
601–800,Metropolitan Autonomous University,Mexico,"57,827",20.0,0%,48 : 52
601–800,Middle East Technical University,Turkey,"27,455",31.6,6%,44 : 56
601–800,Miguel Hernández University of Elche,Spain,"13,591",20.0,5%,49 : 51
601–800,University of Minho,Portugal,"18,066",17.9,10%,54 : 46
601–800,Montana State University,United States,"14,357",19.4,3%,46 : 54
601–800,Monterrey Institute of Technology,Mexico,"14,343",16.2,11%,41 : 59
601–800,Nanjing University of Information Science and Technology,China,"21,857",15.5,3%,n/a
601–800,Nanjing Medical University,China,"15,420",9.0,5%,n/a
601–800,Nanjing Normal University,China,"27,490",13.2,3%,70 : 30
601–800,University of Nantes,France,"37,078",24.7,11%,56 : 44
601–800,National Autonomous University of Mexico,Mexico,"161,718",17.1,8%,51 : 49
601–800,National Cheng Kung University (NCKU),Taiwan,"20,663",13.7,13%,37 : 63
601–800,National Institute of Applied Sciences of Lyon (INSA Lyon),France,"6,173",19.6,28%,32 : 68
601–800,National University of Science and Technology (MISiS),Russian Federation,"7,090",11.3,26%,41 : 59
601–800,National Taiwan Normal University,Taiwan,"10,789",12.1,24%,n/a
601–800,National Technical University of Athens,Greece,"14,133",20.6,8%,33 : 67
601–800,"University of Nevada, Las Vegas",United States,"24,982",22.7,5%,57 : 43
601–800,New Mexico State University (Main campus),United States,"12,753",16.5,8%,54 : 46
601–800,Nippon Medical School,Japan,850,0.9,0%,34 : 66
601–800,University of North Carolina at Greensboro,United States,"18,999",22.2,4%,66 : 34
601–800,Northwestern Polytechnical University,China,"28,432",13.9,4%,26 : 74
601–800,Nottingham Trent University,United Kingdom,"24,140",15.0,19%,57 : 43
601–800,NOVA University of Lisbon,Portugal,"19,694",18.1,17%,50 : 50
601–800,Ohio University (Main campus),United States,"25,013",22.3,5%,56 : 44
601–800,Old Dominion University,United States,"18,878",18.2,3%,55 : 45
601–800,University of Oviedo,Spain,"21,663",12.7,3%,54 : 46
601–800,Oxford Brookes University,United Kingdom,"13,915",16.2,28%,59 : 41
601–800,Palacký University Olomouc,Czech Republic,"17,443",13.8,12%,69 : 31
601–800,University of Palermo,Italy,"29,437",20.5,1%,58 : 42
601–800,Panjab University,India,"19,912",23.4,1%,49 : 51
601–800,Panthéon-Sorbonne University – Paris 1,France,"33,883",26.1,21%,59 : 41
601–800,University of Parma,Italy,"25,140",27.4,6%,56 : 44
601–800,Universitat Politècnica de Catalunya,Spain,"25,484",10.6,16%,28 : 72
601–800,Pontifical Catholic University of Rio de Janeiro (PUC-Rio),Brazil,"15,581",21.9,5%,51 : 49
601–800,Portland State University,United States,"20,219",18.4,9%,55 : 45
601–800,University of Pretoria,South Africa,"35,086",22.0,8%,57 : 43
601–800,Pusan National University,South Korea,"24,331",18.3,11%,47 : 53
601–800,Universiti Putra Malaysia,Malaysia,"20,018",12.1,23%,73 : 27
601–800,Université du Québec,Canada,"52,994",19.7,11%,58 : 42
601–800,University of Regina,Canada,"12,935",23.4,22%,59 : 41
601–800,University of Rennes 1,France,"28,351",18.0,12%,53 : 47
601–800,Roskilde University,Denmark,"6,382",18.0,12%,63 : 37
601–800,Ryerson University,Canada,"33,694",43.1,4%,55 : 45
601–800,Universiti Sains Malaysia,Malaysia,"20,908",10.7,15%,68 : 32
601–800,Saint Petersburg State University,Russian Federation,"21,489",7.4,12%,63 : 37
601–800,University of Salamanca,Spain,"28,673",17.6,16%,59 : 41
601–800,University of Salento,Italy,"12,040",29.7,1%,63 : 37
601–800,University of Santiago de Compostela,Spain,"25,455",15.2,8%,61 : 39
601–800,University of Sassari,Italy,"12,993",24.1,2%,66 : 34
601–800,Savitribai Phule Pune University,India,"6,056",12.7,2%,58 : 42
601–800,Shahid Beheshti University of Medical Sciences,Iran,"12,713",9.1,2%,60 : 40
601–800,Shandong University,China,"45,767",14.6,7%,n/a
601–800,University of Sharjah,United Arab Emirates,"14,286",20.8,60%,66 : 34
601–800,Université de Sherbrooke,Canada,"15,667",12.9,7%,55 : 45
601–800,Shiraz University of Technology,Iran,"1,602",15.9,0%,37 : 63
601–800,Sichuan University,China,"64,648",13.8,4%,50 : 50
601–800,Sidi Mohamed Ben Abdellah University,Morocco,"90,736",57.1,2%,42 : 58
601–800,University of South Dakota,United States,"14,542",35.1,3%,61 : 39
601–800,Southern Cross University,Australia,"9,064",25.0,25%,63 : 37
601–800,University of Southern Queensland,Australia,"12,405",25.8,15%,57 : 43
601–800,University of Split,Croatia,"20,043",22.5,2%,n/a
601–800,Stevens Institute of Technology,United States,"5,943",16.7,38%,29 : 71
601–800,University of the Sunshine Coast,Australia,"9,720",31.3,17%,65 : 35
601–800,University of Tabriz,Iran,"20,360",26.4,0%,47 : 53
601–800,Tabriz University of Medical Sciences,Iran,"8,047",9.5,0%,50 : 50
601–800,University of Technology of Compiègne,France,"4,229",15.4,23%,37 : 63
601–800,University of Tehran,Iran,"53,614",24.5,2%,44 : 56
601–800,Universiti Teknologi Malaysia,Malaysia,"19,087",11.2,14%,52 : 48
601–800,Universiti Teknologi Petronas,Malaysia,"6,212",15.9,17%,34 : 66
601–800,University of Texas at Arlington,United States,"28,835",25.2,15%,56 : 44
601–800,Texas Tech University,United States,"33,015",20.6,9%,46 : 54
601–800,Thapar University,India,"7,752",14.8,1%,28 : 72
601–800,University of Thessaly,Greece,"17,004",38.9,4%,51 : 49
601–800,Tokyo Metropolitan University,Japan,"9,160",13.6,5%,37 : 63
601–800,University of Toledo,United States,"18,587",15.5,11%,51 : 49
601–800,Tomsk Polytechnic University,Russian Federation,"9,121",8.7,28%,34 : 66
601–800,University of Tours,France,"27,285",21.2,11%,60 : 40
601–800,TU Braunschweig,Germany,"20,020",10.4,14%,38 : 62
601–800,University of Ulsan,South Korea,"12,730",11.5,3%,46 : 54
601–800,Ulster University,United Kingdom,"17,817",17.1,8%,55 : 45
601–800,University of Warsaw,Poland,"50,484",14.0,10%,64 : 36
601–800,Waseda University,Japan,"48,839",14.1,10%,38 : 62
601–800,University of the West of England,United Kingdom,"21,737",18.3,21%,53 : 47
601–800,University of the Western Cape,South Africa,"21,999",30.5,8%,61 : 39
601–800,Western Washington University,United States,"13,726",17.7,1%,57 : 43
601–800,University of Westminster,United Kingdom,"16,401",17.4,46%,60 : 40
601–800,West Virginia University,United States,"25,966",18.5,8%,48 : 52
601–800,University of Windsor,Canada,"13,140",29.0,23%,51 : 49
601–800,Worcester Polytechnic Institute,United States,"5,733",12.7,22%,34 : 66
801–1000,Acharya Nagarjuna University,India,"4,792",12.5,6%,36 : 64
801–1000,University of A Coruña,Spain,"14,962",11.4,3%,52 : 48
801–1000,"Adam Mickiewicz University, Poznań",Poland,"37,634",14.2,2%,69 : 31
801–1000,University of the Aegean,Greece,"13,040",41.3,1%,57 : 43
801–1000,"University of Agriculture, Faisalabad",Pakistan,"24,440",35.4,0%,44 : 56
801–1000,Aichi Medical University,Japan,"1,288",2.8,1%,58 : 42
801–1000,Ain Shams University,Egypt,"179,636",16.9,3%,54 : 46
801–1000,Ajou University,South Korea,"9,906",11.3,7%,n/a
801–1000,Al-Balqa Applied University,Jordan,"33,918",31.3,4%,55 : 45
801–1000,University of Algarve,Portugal,"7,780",12.9,16%,58 : 42
801–1000,University of Alicante,Spain,"27,207",18.4,9%,58 : 42
801–1000,Aligarh Muslim University,India,"18,783",13.5,2%,38 : 62
801–1000,American University in Cairo,Egypt,"5,936",13.7,5%,55 : 45
801–1000,American University of Sharjah,United Arab Emirates,"5,652",14.0,83%,46 : 54
801–1000,"Asia University, Taiwan",Taiwan,"11,779",29.8,5%,61 : 39
801–1000,Athens University of Economics and Business,Greece,"9,678",44.4,5%,47 : 53
801–1000,Atılım University,Turkey,"9,862",16.8,6%,47 : 53
801–1000,Babeş-Bolyai University,Romania,"37,168",24.6,4%,64 : 36
801–1000,University of Baghdad,Iraq,"66,399",10.4,0%,59 : 41
801–1000,Bauman Moscow State Technical University,Russian Federation,"19,785",4.8,8%,28 : 72
801–1000,University of Bedfordshire,United Kingdom,"10,808",20.0,34%,62 : 38
801–1000,Beijing Jiaotong University,China,"26,457",14.0,8%,n/a
801–1000,University of Béjaïa,Algeria,"43,026",25.4,0%,60 : 40
801–1000,Benha University,Egypt,"97,843",30.5,5%,38 : 62
801–1000,Birmingham City University,United Kingdom,"19,975",18.1,23%,62 : 38
801–1000,University of Bradford,United Kingdom,"8,917",17.7,28%,56 : 44
801–1000,University of Brasília,Brazil,"44,074",15.2,2%,51 : 49
801–1000,Bucharest University of Economic Studies,Romania,"22,022",14.8,3%,71 : 29
801–1000,University of Cadiz,Spain,"19,288",19.1,8%,55 : 45
801–1000,Capital Medical University,China,"13,178",6.8,5%,69 : 31
801–1000,Cardiff Metropolitan University,United Kingdom,"8,661",16.5,17%,55 : 45
801–1000,Carlos III University of Madrid,Spain,"17,265",11.0,15%,43 : 57
801–1000,University of Castilla-La Mancha,Spain,"23,530",13.8,6%,56 : 44
801–1000,University of Central Lancashire,United Kingdom,"18,824",16.5,18%,58 : 42
801–1000,Chang Gung University,Taiwan,"7,556",12.3,5%,46 : 54
801–1000,Chiba University,Japan,"13,764",9.8,5%,38 : 62
801–1000,University of Chile,Chile,"35,447",15.0,6%,47 : 53
801–1000,"China University of Geosciences, Beijing",China,"17,752",15.2,1%,35 : 65
801–1000,"China University of Geosciences, Wuhan",China,"28,934",16.7,4%,n/a
801–1000,China University of Mining and Technology,China,"47,225",18.6,2%,32 : 68
801–1000,China Pharmaceutical University,China,"16,144",18.0,3%,n/a
801–1000,Chongqing University,China,"44,394",16.0,4%,n/a
801–1000,Chonnam National University,South Korea,"22,469",16.9,6%,49 : 51
801–1000,Chulalongkorn University,Thailand,"38,531",14.0,4%,59 : 41
801–1000,University of Córdoba,Spain,"17,406",15.1,8%,56 : 44
801–1000,Czech Technical University in Prague,Czech Republic,"19,499",10.6,19%,31 : 69
801–1000,University of Debrecen,Hungary,"26,771",11.9,18%,55 : 45
801–1000,University of Derby,United Kingdom,"13,502",15.2,13%,56 : 44
801–1000,University of Deusto,Spain,"9,209",21.8,11%,60 : 40
801–1000,Eastern Mediterranean University,Northern Cyprus,"18,865",27.1,83%,41 : 59
801–1000,University of East London,United Kingdom,"10,302",17.2,30%,63 : 37
801–1000,Edinburgh Napier University,United Kingdom,"10,668",18.8,33%,55 : 45
801–1000,Embry-Riddle Aeronautical University,United States,"16,340",16.8,9%,18 : 82
801–1000,University of Évora,Portugal,"6,442",12.4,12%,54 : 46
801–1000,Federal University of Pelotas,Brazil,"23,198",17.4,0%,57 : 43
801–1000,Federal University of Rio de Janeiro,Brazil,"48,675",12.3,2%,53 : 47
801–1000,Federico Santa María Technical University,Chile,"19,067",27.3,3%,24 : 76
801–1000,Ferdowsi University of Mashhad,Iran,"23,992",29.5,5%,57 : 43
801–1000,Florida Atlantic University,United States,"23,658",18.3,10%,60 : 40
801–1000,Florida Institute of Technology,United States,"5,344",14.1,33%,34 : 66
801–1000,University of La Frontera,Chile,"10,437",24.6,1%,49 : 51
801–1000,Fu Jen Catholic University,Taiwan,"20,450",20.7,9%,60 : 40
801–1000,Fuzhou University,China,"34,979",15.9,2%,42 : 58
801–1000,Gdańsk University of Technology,Poland,"16,834",14.8,4%,41 : 59
801–1000,University of Ghana,Ghana,"36,819",28.7,1%,45 : 55
801–1000,Guangdong University of Technology,China,"43,815",19.7,0%,30 : 70
801–1000,Hamamatsu University School of Medicine,Japan,"1,210",3.8,1%,49 : 51
801–1000,Hanoi University of Science and Technology,Vietnam,"32,161",21.4,1%,23 : 77
801–1000,Hyogo College of Medicine,Japan,888,2.0,1%,36 : 64
801–1000,Ilmenau University of Technology,Germany,"5,807",17.7,22%,27 : 73
801–1000,Indian Institute of Science Education and Research Kolkata,India,"1,335",11.8,0%,26 : 74
801–1000,Indian Institute of Technology (Indian School of Mines) Dhanbad,India,"7,833",25.1,1%,15 : 85
801–1000,Indian Institute of Technology Patna,India,"1,387",12.6,0%,11 : 89
801–1000,Inha University,South Korea,"19,196",23.5,6%,39 : 61
801–1000,"International Islamic University, Islamabad",Pakistan,"30,614",19.7,8%,50 : 50
801–1000,University of Isfahan,Iran,"13,782",20.9,1%,61 : 39
801–1000,Isfahan University of Medical Sciences,Iran,"11,340",12.3,1%,62 : 38
801–1000,Istanbul University,Turkey,"122,002",59.7,6%,51 : 49
801–1000,Jadavpur University,India,"11,528",18.4,1%,32 : 68
801–1000,University of Jaén,Spain,"16,782",20.4,10%,55 : 45
801–1000,Jeonbuk National University,South Korea,"20,601",20.7,5%,45 : 55
801–1000,Jiangsu University,China,"35,335",9.5,5%,42 : 58
801–1000,Jilin University,China,"70,450",10.8,3%,47 : 53
801–1000,Jinan University,China,"34,904",14.0,34%,60 : 40
801–1000,The University of Jordan,Jordan,"30,495",16.9,16%,66 : 34
801–1000,Juntendo University,Japan,"4,653",3.8,2%,53 : 47
801–1000,Kanazawa University,Japan,"10,420",9.8,5%,37 : 63
801–1000,Kaohsiung Medical University,Taiwan,"6,881",12.2,7%,56 : 44
801–1000,Karabük University,Turkey,"52,191",53.1,12%,47 : 53
801–1000,Karlstad University,Sweden,"8,552",12.8,%,63 : 37
801–1000,Kingston University,United Kingdom,"15,700",17.6,36%,57 : 43
801–1000,K.N. Toosi University of Technology,Iran,"6,582",22.3,1%,35 : 65
801–1000,Kumamoto University,Japan,"10,032",7.6,7%,38 : 62
801–1000,University of Kurdistan,Iran,"9,441",28.9,1%,54 : 46
801–1000,Kuwait University,Kuwait,"36,551",23.6,15%,75 : 25
801–1000,Kyoto Prefectural University of Medicine,Japan,"1,330",3.4,1%,46 : 54
801–1000,Kyungpook National University,South Korea,"24,155",23.5,6%,43 : 57
801–1000,University of Lagos,Nigeria,"34,056",20.3,0%,46 : 54
801–1000,Lahore University of Management Sciences,Pakistan,"3,859",14.6,1%,41 : 59
801–1000,University of Las Palmas de Gran Canaria,Spain,"18,714",17.1,7%,56 : 44
801–1000,University of Latvia,Latvia,"12,367",33.1,6%,70 : 30
801–1000,Lebanese American University,Lebanon,"7,866",13.4,18%,50 : 50
801–1000,Leeds Beckett University,United Kingdom,"19,726",19.5,12%,51 : 49
801–1000,Louisiana Tech University,United States,"11,210",22.6,4%,46 : 54
801–1000,Lviv Polytechnic National University,Ukraine,"21,560",10.5,1%,41 : 59
801–1000,University of Malaga,Spain,"35,654",12.9,9%,53 : 47
801–1000,University of Maribor,Slovenia,"12,124",13.6,5%,55 : 45
801–1000,Marquette University,United States,"10,472",12.0,4%,53 : 47
801–1000,University of Mazandaran,Iran,"12,942",33.7,2%,65 : 35
801–1000,Mississippi State University,United States,"26,121",19.0,3%,51 : 49
801–1000,University of Murcia,Spain,"27,662",16.3,7%,66 : 34
801–1000,Muroran Institute of Technology,Japan,"3,365",17.5,4%,11 : 89
801–1000,University of Nairobi,Kenya,"69,456",39.3,1%,36 : 64
801–1000,Nanjing Agricultural University,China,"25,963",15.9,3%,56 : 44
801–1000,Nanjing Tech University,China,"33,175",13.9,2%,n/a
801–1000,National Central University,Taiwan,"10,838",9.4,10%,35 : 65
801–1000,National Chengchi University,Taiwan,"13,558",15.6,16%,57 : 43
801–1000,National Dong Hwa University,Taiwan,"10,269",18.1,9%,51 : 49
801–1000,National Institute of Technology Rourkela,India,"5,851",18.8,4%,18 : 82
801–1000,"National Institute of Technology, Tiruchirappalli",India,"6,081",19.1,8%,20 : 80
801–1000,National University of Sciences and Technology,Pakistan,"10,645",8.1,3%,33 : 67
801–1000,National Sun Yat-Sen University,Taiwan,"9,190",13.2,6%,39 : 61
801–1000,National Taipei University of Technology,Taiwan,"9,994",15.9,8%,27 : 73
801–1000,The New School,United States,"10,434",9.4,35%,71 : 29
801–1000,Niigata University,Japan,"12,158",7.9,2%,38 : 62
801–1000,Normandy University,France,"68,013",20.3,11%,55 : 45
801–1000,Northeastern University,China,"36,015",14.5,4%,n/a
801–1000,Northeast Normal University,China,"25,425",14.7,2%,73 : 27
801–1000,University of Northern British Columbia (UNBC),Canada,"2,733",14.0,8%,62 : 38
801–1000,Northwest University,China,"24,237",14.8,4%,55 : 45
801–1000,NorthWest A&F University,China,"29,327",15.3,1%,51 : 49
801–1000,Okayama University,Japan,"13,099",8.0,8%,39 : 61
801–1000,Osaka City University,Japan,"8,279",8.9,4%,36 : 64
801–1000,Osmania University,India,"12,454",17.8,2%,31 : 69
801–1000,Pablo de Olavide University,Spain,"12,113",14.4,18%,59 : 41
801–1000,University of Patras,Greece,"25,580",27.6,5%,48 : 52
801–1000,University of Pécs,Hungary,"16,859",11.3,22%,56 : 44
801–1000,Polytechnic Institute of Porto,Portugal,"18,511",17.1,6%,47 : 53
801–1000,Polytechnic University of Valencia,Spain,"21,119",10.0,14%,38 : 62
801–1000,Pondicherry University,India,"6,107",17.2,1%,42 : 58
801–1000,Pontifical Catholic University of Peru,Peru,"24,984",7.5,3%,47 : 53
801–1000,Pontifical Catholic University of Rio Grande do Sul (PUCRS),Brazil,"16,750",22.8,0%,50 : 50
801–1000,University of Puerto Rico,Puerto Rico,"49,713",13.9,1%,58 : 42
801–1000,University of the Punjab,Pakistan,"27,907",26.9,0%,52 : 48
801–1000,University Rey Juan Carlos,Spain,"42,079",25.2,11%,58 : 42
801–1000,Rikkyo University,Japan,"20,183",14.1,4%,53 : 47
801–1000,Rochester Institute of Technology,United States,"13,996",15.7,18%,36 : 64
801–1000,University of Roehampton,United Kingdom,"7,665",16.3,28%,71 : 29
801–1000,RUDN University,Russian Federation,"19,803",11.6,29%,60 : 40
801–1000,Université Saint-Joseph de Beyrouth,Lebanon,"7,566",19.4,5%,63 : 37
801–1000,Saint-Petersburg Mining University,Russian Federation,"7,298",11.1,11%,40 : 60
801–1000,University of Salford,United Kingdom,"15,356",17.0,22%,52 : 48
801–1000,Universidade Estadual Paulista (Unesp),Brazil,"39,577",13.0,2%,51 : 49
801–1000,Sapporo Medical University,Japan,"1,336",3.5,0%,42 : 58
801–1000,University of Science and Technology Beijing,China,"24,232",14.7,4%,37 : 63
801–1000,University of Seoul,South Korea,"8,807",16.6,5%,n/a
801–1000,University of Seville,Spain,"62,811",20.6,6%,53 : 47
801–1000,Shahid Beheshti University,Iran,"18,403",21.4,2%,51 : 49
801–1000,Shanghai University,China,"36,637",11.3,6%,49 : 51
801–1000,Shanghai University of Finance and Economics (SUFE),China,"15,130",14.5,5%,n/a
801–1000,Shanghai Maritime University,China,"23,789",17.9,3%,38 : 62
801–1000,Shantou University,China,"10,305",11.7,1%,50 : 50
801–1000,Sheffield Hallam University,United Kingdom,"25,119",17.0,13%,55 : 45
801–1000,Shiraz University,Iran,"14,286",20.6,0%,49 : 51
801–1000,Sogang University,South Korea,"9,559",22.9,11%,45 : 55
801–1000,University of South Bohemia in České Budějovice,Czech Republic,"9,738",15.2,5%,70 : 30
801–1000,Southwestern University of Finance and Economics,China,"22,283",15.9,2%,63 : 37
801–1000,Sri Venkateswara University,India,"7,832",15.5,0%,41 : 59
801–1000,Staffordshire University,United Kingdom,"8,558",14.8,12%,49 : 51
801–1000,St Marianna University School of Medicine,Japan,846,1.0,1%,36 : 64
801–1000,Sultan Qaboos University,Oman,"6,823",7.4,4%,50 : 50
801–1000,University of Szeged,Hungary,"19,700",12.5,16%,57 : 43
801–1000,Tallinn University,Estonia,"7,681",27.2,12%,73 : 27
801–1000,Tallinn University of Technology,Estonia,"9,895",21.8,14%,43 : 57
801–1000,Tanta University,Egypt,"128,995",23.6,1%,53 : 47
801–1000,Technical University of Madrid,Spain,"40,592",14.0,13%,32 : 68
801–1000,Technological University Dublin,Ireland,"14,904",20.0,20%,43 : 57
801–1000,Teesside University,United Kingdom,"11,919",18.3,11%,56 : 44
801–1000,Universiti Tenaga Nasional (UNITEN),Malaysia,"6,780",16.1,6%,38 : 62
801–1000,University of Texas at El Paso,United States,"17,089",23.2,8%,53 : 47
801–1000,Tezpur University,India,"3,904",14.0,1%,42 : 58
801–1000,Tokyo University of Agriculture and Technology,Japan,"5,766",14.8,6%,30 : 70
801–1000,Tokyo Medical University,Japan,"1,350",1.6,1%,52 : 48
801–1000,Tokyo University of Science,Japan,"18,490",24.4,2%,23 : 77
801–1000,University of Trás-os-Montes and Alto Douro,Portugal,"6,793",12.1,4%,54 : 46
801–1000,Tshwane University of Technology,South Africa,"45,992",39.4,2%,52 : 48
801–1000,Universiti Utara Malaysia,Malaysia,"12,871",11.7,25%,65 : 35
801–1000,"Vietnam National University, Hanoi",Vietnam,"32,944",13.4,1%,54 : 46
801–1000,University of Vigo,Spain,"18,652",16.4,5%,50 : 50
801–1000,Vilnius University,Lithuania,"16,216",10.8,9%,65 : 35
801–1000,VIT University,India,"33,380",19.9,1%,25 : 75
801–1000,University of Wolverhampton,United Kingdom,"15,687",20.4,21%,61 : 39
801–1000,Wuhan University of Technology,China,"51,684",14.0,3%,30 : 70
801–1000,Xiangtan University,China,"31,340",21.2,1%,53 : 47
801–1000,Xidian University,China,"34,140",17.1,3%,29 : 71
801–1000,Yangzhou University,China,"36,880",15.1,3%,55 : 45
801–1000,Yeungnam University,South Korea,"20,135",14.8,5%,50 : 50
801–1000,University of Zaragoza,Spain,"28,211",10.3,6%,54 : 46
1001+,Acıbadem University,Turkey,"2,342",4.3,2%,74 : 26
1001+,AGH University of Science and Technology,Poland,"28,620",13.0,2%,n/a
1001+,Akdeniz University,Turkey,"42,862",35.9,1%,45 : 55
1001+,Akita University,Japan,"4,942",9.8,4%,35 : 65
1001+,Al-Azhar University,Egypt,"342,151",32.6,6%,45 : 55
1001+,Alexandria University,Egypt,"182,129",27.4,3%,54 : 46
1001+,Alexandru Ioan Cuza University,Romania,"23,124",18.1,6%,63 : 37
1001+,Al-Farabi Kazakh National University,Kazakhstan,"21,138",5.6,11%,55 : 45
1001+,University of Almería,Spain,"12,913",18.4,12%,56 : 44
1001+,Alzahra University,Iran,"10,110",22.5,1%,100 : 0
1001+,Amity University,India,"29,623",15.0,4%,46 : 54
1001+,Anadolu University,Turkey,"830,104",493.5,1%,37 : 63
1001+,"University of the Andes, Chile",Chile,"8,402",14.4,2%,59 : 41
1001+,"University of the Andes, Venezuela",Venezuela,"42,198",16.8,0%,58 : 42
1001+,Andhra University,India,"9,785",16.6,2%,51 : 49
1001+,Universidad Andrés Bello (UNAB),Chile,"44,327",21.8,1%,53 : 47
1001+,Ankara University,Turkey,"69,737",19.1,4%,50 : 50
1001+,Anna University,India,"14,428",15.6,1%,45 : 55
1001+,Annamalai University,India,"23,098",14.1,2%,49 : 51
1001+,University of Antioquia,Colombia,"41,389",24.0,0%,51 : 49
1001+,Aoyama Gakuin University,Japan,"19,143",11.4,3%,49 : 51
1001+,Assiut University,Egypt,"87,471",19.7,1%,45 : 55
1001+,Austral University of Chile,Chile,"15,575",17.7,2%,50 : 50
1001+,Autonomous University of Baja California,Mexico,"59,507",17.7,2%,53 : 47
1001+,Universidad Autónoma del Estado de Hidalgo,Mexico,"34,995",18.2,1%,57 : 43
1001+,Universidad Autónoma de Nuevo León (UANL),Mexico,"207,520",54.1,0%,n/a
1001+,Benemérita Universidad Autónoma de Puebla,Mexico,"69,982",33.2,1%,53 : 47
1001+,Universidad Autónoma de Querétaro,Mexico,"22,058",39.9,1%,56 : 44
1001+,Autonomous University of San Luis Potosi,Mexico,"32,012",9.5,1%,51 : 49
1001+,Autonomous University of Sinaloa,Mexico,"72,792",21.5,0%,52 : 48
1001+,Universidad Autónoma del Estado de Mexico (UAEMex),Mexico,"57,588",22.2,1%,58 : 42
1001+,Universidad Autónoma de Yucatán,Mexico,"15,206",13.6,0%,50 : 50
1001+,Azarbaijan Shahid Madani University,Iran,"6,329",23.9,0%,62 : 38
1001+,Bahauddin Zakariya University,Pakistan,"28,135",34.5,0%,43 : 57
1001+,Bahçeşehir University,Turkey,"16,458",38.3,12%,48 : 52
1001+,Banasthali University,India,"10,355",19.1,4%,95 : 5
1001+,Bandung Institute of Technology (ITB),Indonesia,"17,382",10.5,2%,41 : 59
1001+,Bashkir State University,Russian Federation,"15,236",11.1,3%,63 : 37
1001+,Başkent University,Turkey,"12,516",11.0,0%,53 : 47
1001+,Belarusian State University,Belarus,"27,101",8.4,9%,55 : 45
1001+,Belgorod State National Research University,Russian Federation,"13,175",13.4,18%,65 : 35
1001+,University of Bío-Bío,Chile,"12,955",24.7,1%,42 : 58
1001+,University of Birjand,Iran,"11,000",24.4,1%,64 : 36
1001+,"Birla Institute of Technology and Science, Pilani",India,"13,535",17.4,1%,20 : 80
1001+,University of Biskra,Algeria,"34,037",24.5,1%,60 : 40
1001+,University of Brawijaya,Indonesia,"52,975",18.9,1%,54 : 46
1001+,Brno University of Technology,Czech Republic,"20,275",19.6,22%,29 : 71
1001+,Bu-Ali Sina University,Iran,"11,609",26.3,1%,53 : 47
1001+,University of Bucharest,Romania,"30,192",17.5,2%,68 : 32
1001+,Budapest University of Technology and Economics,Hungary,"18,219",16.9,7%,33 : 67
1001+,University of Burgos,Spain,"7,369",13.4,3%,53 : 47
1001+,"California State University, Long Beach",United States,"30,595",19.7,4%,58 : 42
1001+,Canterbury Christ Church University,United Kingdom,"11,386",16.9,12%,68 : 32
1001+,Polytechnic University of Cartagena,Spain,"4,749",10.6,6%,27 : 73
1001+,University of Carthage,Tunisia,"32,088",10.1,1%,67 : 33
1001+,Catholic University of the North,Chile,"11,871",19.6,2%,46 : 54
1001+,University of Caxias do Sul,Brazil,"17,101",24.9,0%,54 : 46
1001+,Ceará State University,Brazil,"20,174",17.8,0%,55 : 45
1001+,University of Cergy-Pontoise,France,"14,867",16.3,16%,57 : 43
1001+,Chaoyang University of Technology,Taiwan,"16,787",41.9,8%,56 : 44
1001+,"University of Chemistry and Technology, Prague",Czech Republic,"4,285",9.8,20%,62 : 38
1001+,University of Chester,United Kingdom,"10,915",19.5,11%,67 : 33
1001+,Chiang Mai University,Thailand,"35,013",15.5,2%,62 : 38
1001+,Chiba Institute of Technology,Japan,"9,763",30.4,1%,13 : 87
1001+,Chubu University,Japan,"12,533",24.1,1%,26 : 74
1001+,Chungnam National University,South Korea,"21,908",19.9,4%,45 : 55
1001+,Chung Yuan Christian University,Taiwan,"15,926",32.9,11%,44 : 56
1001+,Chuo University,Japan,"26,302",37.2,4%,36 : 64
1001+,Cochin University of Science and Technology,India,"8,271",18.5,0%,36 : 64
1001+,University of Colombo,Sri Lanka,"22,322",29.6,1%,61 : 39
1001+,Comenius University in Bratislava,Slovakia,"20,056",9.8,14%,67 : 33
1001+,University of Concepción,Chile,"27,640",17.4,1%,51 : 49
1001+,Université Frères Mentouri Constantine 1,Algeria,"35,382",20.5,0%,56 : 44
1001+,Corvinus University of Budapest,Hungary,"11,023",23.2,15%,54 : 46
1001+,Cukurova University,Turkey,"42,418",19.6,3%,39 : 61
1001+,Czech University of Life Sciences Prague (CULS),Czech Republic,"17,065",20.4,20%,53 : 47
1001+,University of Dar es Salaam,Tanzania,"30,139",19.1,0%,32 : 68
1001+,De La Salle University,Philippines,"15,604",17.8,3%,50 : 50
1001+,Delhi Technological University,India,"8,242",23.3,0%,16 : 84
1001+,Del Rosario University,Colombia,"10,339",12.9,1%,61 : 39
1001+,Democritus University of Thrace,Greece,"30,414",49.8,3%,54 : 46
1001+,University of Dhaka,Bangladesh,"34,108",15.6,0%,42 : 58
1001+,Dokuz Eylül University,Turkey,"62,844",19.3,2%,47 : 53
1001+,Doshisha University,Japan,"28,309",18.8,4%,41 : 59
1001+,"University of Economics, Prague",Czech Republic,"14,011",28.1,23%,54 : 46
1001+,Edge Hill University,United Kingdom,"12,185",15.5,5%,68 : 32
1001+,Ege University,Turkey,"46,056",21.0,3%,50 : 50
1001+,Ehime University,Japan,"9,333",13.1,2%,38 : 62
1001+,The University of Electro-Communications,Japan,"4,813",15.1,5%,12 : 88
1001+,University of Engineering & Technology (UET) Lahore,Pakistan,"14,654",14.5,2%,24 : 76
1001+,Erciyes University,Turkey,"39,178",29.1,3%,46 : 54
1001+,Far Eastern Federal University,Russian Federation,"15,601",10.3,19%,n/a
1001+,Fayoum University,Egypt,"33,084",14.1,1%,39 : 61
1001+,Universidade Federal do ABC (UFABC),Brazil,"14,422",20.9,1%,41 : 59
1001+,Federal University of Alagoas,Brazil,"24,077",13.2,0%,n/a
1001+,Universidade Federal da Bahia,Brazil,"40,848",15.9,0%,53 : 47
1001+,Universidade Federal do Ceará (UFC),Brazil,"34,676",17.2,1%,46 : 54
1001+,Federal University of Espírito Santo,Brazil,"24,924",13.3,1%,59 : 41
1001+,Federal University of Goiás,Brazil,"34,158",13.4,1%,50 : 50
1001+,Universidade Federal de Ciências da Saúde de Porto Alegre (UFCSPA),Brazil,"3,621",10.7,2%,n/a
1001+,Federal University of Itajubá,Brazil,"9,449",18.6,1%,29 : 71
1001+,Federal University of Lavras,Brazil,"14,024",19.4,1%,50 : 50
1001+,Federal University of Mato Grosso do Sul,Brazil,"25,018",18.0,0%,49 : 51
1001+,Universidade Federal de Ouro Preto (UFOP),Brazil,"13,823",16.3,1%,53 : 47
1001+,Federal University of Pará,Brazil,"48,114",19.6,0%,44 : 56
1001+,Universidade Federal do Paraná (UFPR),Brazil,"34,528",14.2,0%,49 : 51
1001+,Federal University of Pernambuco,Brazil,"34,072",12.8,1%,50 : 50
1001+,Federal University of Rio Grande do Norte (UFRN),Brazil,"42,573",17.1,0%,54 : 46
1001+,Universidade Federal Rural do Semi-Arido,Brazil,"5,872",7.7,0%,42 : 58
1001+,Federal University of Santa Maria,Brazil,"27,285",14.1,0%,54 : 46
1001+,Federal University of São Carlos,Brazil,"19,134",14.6,2%,49 : 51
1001+,Universidade Tecnológica Federal do Paraná (UTFPR),Brazil,"35,177",14.0,1%,35 : 65
1001+,Federal University of Viçosa,Brazil,"17,595",14.0,2%,50 : 50
1001+,Feng Chia University,Taiwan,"19,840",23.1,16%,37 : 63
1001+,Fluminense Federal University,Brazil,"55,502",15.4,0%,50 : 50
1001+,University of Fortaleza (UNIFOR),Brazil,"23,923",15.2,0%,49 : 51
1001+,University of Fukui,Japan,"5,020",9.3,4%,30 : 70
1001+,Universitas Gadjah Mada,Indonesia,"38,310",8.6,2%,58 : 42
1001+,Gazi University,Turkey,"77,346",30.3,3%,49 : 51
1001+,Gaziantep University,Turkey,"37,903",38.1,6%,38 : 62
1001+,University of Gdańsk,Poland,"27,859",17.1,2%,69 : 31
1001+,Gebze Technical University,Turkey,"7,487",27.4,2%,34 : 66
1001+,Gifu University,Japan,"7,194",7.6,4%,36 : 64
1001+,GITAM University,India,"17,226",14.2,2%,30 : 70
1001+,Government College University Lahore,Pakistan,"9,986",24.1,1%,43 : 57
1001+,Grigore T. Popa University of Medicine and Pharmacy,Romania,"9,375",11.1,28%,66 : 34
1001+,University of Guadalajara,Mexico,"123,932",55.6,0%,52 : 48
1001+,University of Guanajuato,Mexico,"26,034",19.8,3%,53 : 47
1001+,Guangxi University,China,"36,083",16.9,4%,47 : 53
1001+,Gubkin Russian State University of Oil and Gas,Russian Federation,"8,406",11.8,7%,36 : 64
1001+,University of Guilan,Iran,"16,240",28.2,0%,61 : 39
1001+,Gunma University,Japan,"6,473",7.7,3%,37 : 63
1001+,Hallym University,South Korea,"8,108",9.8,5%,n/a
1001+,The Hashemite University,Jordan,"15,654",17.8,7%,63 : 37
1001+,Université Hassan II de Casablanca,Morocco,"110,125",27.8,2%,54 : 46
1001+,University of Havana,Cuba,"14,856",9.8,7%,71 : 29
1001+,Helwan University,Egypt,"113,043",21.9,1%,51 : 49
1001+,Hosei University,Japan,"30,969",40.7,2%,37 : 63
1001+,University of Hradec Králové,Czech Republic,"6,611",15.1,4%,60 : 40
1001+,Huaqiao University,China,"30,491",17.7,11%,50 : 50
1001+,University of Hyogo,Japan,"6,566",12.8,3%,40 : 60
1001+,Ibaraki University,Japan,"8,181",15.2,3%,36 : 64
1001+,Ibn Tofaïl University,Morocco,"49,042",82.0,2%,48 : 52
1001+,Imam Abdulrahman Bin Faisal University,Saudi Arabia,"24,763",8.5,4%,77 : 23
1001+,Incheon National University,South Korea,"13,499",22.3,3%,43 : 57
1001+,Universidad Industrial de Santander (UIS),Colombia,"20,851",24.5,0%,46 : 54
1001+,IPB University,Indonesia,"22,289",12.4,3%,58 : 42
1001+,I-Shou University,Taiwan,"13,970",28.5,14%,48 : 52
1001+,Istanbul Medipol University,Turkey,"26,215",29.4,2%,66 : 34
1001+,Ivane Javakhishvili Tbilisi State University,Georgia,"19,670",23.9,2%,62 : 38
1001+,Ivan Franko National University of Lviv,Ukraine,"16,220",8.6,1%,69 : 31
1001+,Iwate University,Japan,"5,516",13.8,3%,37 : 63
1001+,Izmir Institute of Technology,Turkey,"5,090",19.6,4%,46 : 54
1001+,Kagawa University,Japan,"6,392",9.7,2%,41 : 59
1001+,Kagoshima University,Japan,"10,541",10.1,3%,38 : 62
1001+,Kanagawa University,Japan,"18,104",14.6,3%,28 : 72
1001+,Kangwon National University,South Korea,"23,127",23.1,3%,41 : 59
1001+,Kansai University,Japan,"30,346",11.2,3%,39 : 61
1001+,Kasetsart University,Thailand,"68,067",22.2,1%,62 : 38
1001+,Kaunas University of Technology,Lithuania,"9,956",14.7,6%,38 : 62
1001+,Kazan National Research Technological University,Russian Federation,"15,260",10.7,11%,45 : 55
1001+,Kharazmi University,Iran,"12,656",20.9,1%,57 : 43
1001+,Khon Kaen University,Thailand,"38,655",19.7,2%,51 : 49
1001+,KIIT University,India,"21,390",13.1,2%,41 : 59
1001+,King Mongkut’s Institute of Technology Ladkrabang,Thailand,"23,539",21.7,1%,53 : 47
1001+,King Mongkut's University of Technology North Bangkok,Thailand,"26,846",24.9,0%,42 : 58
1001+,King Mongkut’s University of Technology Thonburi,Thailand,"16,126",21.4,3%,47 : 53
1001+,Kitasato University,Japan,"8,503",5.4,0%,53 : 47
1001+,Kochi University,Japan,"5,469",8.1,1%,44 : 56
1001+,Kogakuin University,Japan,"6,505",17.4,1%,17 : 83
1001+,Kookmin University,South Korea,"17,081",11.3,10%,46 : 54
1001+,Kwansei Gakuin University,Japan,"24,766",23.8,3%,48 : 52
1001+,Kyoto Institute of Technology,Japan,"3,989",13.0,5%,26 : 74
1001+,Kyushu Institute of Technology (Kyutech),Japan,"5,653",16.2,4%,13 : 87
1001+,Latvia University of Life Sciences and Technologies,Latvia,"4,216",36.9,1%,49 : 51
1001+,University of León,Spain,"13,606",16.1,13%,56 : 44
1001+,University of Lethbridge,Canada,"6,996",12.9,12%,n/a
1001+,L.N. Gumilyov Eurasian National University,Kazakhstan,"17,205",5.3,4%,n/a
1001+,Lobachevsky State University of Nizhni Novgorod,Russian Federation,"18,077",7.9,7%,53 : 47
1001+,University of Łódź,Poland,"31,192",14.1,5%,65 : 35
1001+,Lodz University of Technology,Poland,"16,372",13.0,4%,41 : 59
1001+,London South Bank University,United Kingdom,"12,168",16.5,33%,56 : 44
1001+,Londrina State University,Brazil,"26,685",15.3,1%,57 : 43
1001+,Maharaja Sayajirao University of Baroda,India,"39,252",27.2,0%,55 : 45
1001+,Mahasarakham University,Thailand,"38,192",29.3,0%,67 : 33
1001+,Universiti Malaysia Sarawak (UNIMAS),Malaysia,"15,973",18.8,6%,65 : 35
1001+,Manipal Academy of Higher Education,India,"23,082",8.6,11%,45 : 55
1001+,University of Manouba,Tunisia,"18,361",13.5,1%,66 : 34
1001+,Marmara University,Turkey,"59,480",29.1,4%,49 : 51
1001+,University of Marrakech Cadi Ayyad,Morocco,"102,000",65.7,1%,54 : 46
1001+,Meiji University,Japan,"33,309",11.7,4%,34 : 66
1001+,Meijo University,Japan,"15,412",31.4,1%,29 : 71
1001+,Mendel University in Brno,Czech Republic,"7,215",14.4,16%,60 : 40
1001+,Menoufia University,Egypt,"84,587",36.4,1%,45 : 55
1001+,M’Hamed Bougara University of Boumerdès,Algeria,"31,075",21.1,0%,60 : 40
1001+,Universidad Michoacana de San Nicolás de Hidalgo,Mexico,"40,381",30.2,1%,52 : 48
1001+,Mie University,Japan,"7,118",9.5,3%,37 : 63
1001+,Ming Chuan University,Taiwan,"18,590",22.7,12%,60 : 40
1001+,Minia University,Egypt,"59,181",15.6,1%,60 : 40
1001+,MIREA - Russian Technological University,Russian Federation,"19,965",17.0,3%,33 : 67
1001+,University of Miyazaki,Japan,"5,488",7.9,3%,35 : 65
1001+,Mohammed V University of Rabat,Morocco,"81,914",33.4,5%,57 : 43
1001+,University of Monastir,Tunisia,"19,973",9.7,1%,68 : 32
1001+,University of Montenegro,Montenegro,"19,171",27.3,2%,56 : 44
1001+,Moscow Aviation Institute,Russian Federation,"15,248",11.7,9%,28 : 72
1001+,Moscow Power Engineering Institute,Russian Federation,"11,422",14.7,10%,37 : 63
1001+,Multimedia University,Malaysia,"11,080",13.3,9%,45 : 55
1001+,University of Mumbai,India,"7,874",18.1,0%,47 : 53
1001+,University of Mysore,India,"7,810",21.3,10%,39 : 61
1001+,Nagaoka University of Technology,Japan,"2,300",10.7,12%,11 : 89
1001+,Nagasaki University,Japan,"9,163",7.0,4%,37 : 63
1001+,Nagoya City University,Japan,"4,444",7.6,2%,53 : 47
1001+,Nagoya Institute of Technology,Japan,"5,661",16.2,4%,15 : 85
1001+,Nanjing University of Aeronautics and Astronautics,China,"29,542",16.6,3%,27 : 73
1001+,Nara Medical University,Japan,"1,240",3.3,1%,47 : 53
1001+,Naresuan University,Thailand,"22,863",15.6,1%,66 : 34
1001+,National Changhua University of Education,Taiwan,"8,180",21.8,8%,52 : 48
1001+,National Chiayi University,Taiwan,"12,219",26.3,3%,48 : 52
1001+,National Chin-Yi University of Technology,Taiwan,"7,158",24.9,4%,39 : 61
1001+,National Chung Cheng University,Taiwan,"10,161",14.9,5%,42 : 58
1001+,National Chung Hsing University,Taiwan,"15,077",14.9,5%,40 : 60
1001+,National University of Colombia,Colombia,"52,085",22.4,1%,38 : 62
1001+,National University of Córdoba,Argentina,"59,450",10.4,3%,68 : 32
1001+,National University of Cuyo,Argentina,"46,096",9.6,2%,61 : 39
1001+,National University of Kaohsiung,Taiwan,"5,550",23.3,4%,45 : 55
1001+,Instituto Politécnico Nacional (IPN),Mexico,"177,983",10.8,0%,39 : 61
1001+,National Research Saratov State University,Russian Federation,"9,847",9.7,7%,61 : 39
1001+,National University of San Martín,Argentina,"15,236",15.8,5%,65 : 35
1001+,National University of the South,Argentina,"20,987",16.0,%,58 : 42
1001+,National Taipei University,Taiwan,"8,645",17.0,4%,54 : 46
1001+,National Taiwan Ocean University,Taiwan,"8,652",21.6,9%,32 : 68
1001+,National Technical University Kharkiv Polytechnic Institute,Ukraine,"13,411",8.4,9%,32 : 68
1001+,National Yunlin University of Science and Technology,Taiwan,"9,215",24.9,4%,42 : 58
1001+,Nicolaus Copernicus University in Toruń,Poland,"22,438",11.1,2%,71 : 29
1001+,University of Nigeria Nsukka,Nigeria,"34,227",13.2,1%,51 : 49
1001+,Slovak University of Agriculture in Nitra,Slovakia,"6,570",14.1,2%,57 : 43
1001+,University of North Carolina Wilmington,United States,"14,791",19.6,2%,62 : 38
1001+,North China Electric Power University,China,"30,733",16.6,2%,37 : 63
1001+,"University of the North, Colombia",Colombia,"14,228",20.5,3%,51 : 49
1001+,University of North Florida,United States,"12,132",17.7,2%,57 : 43
1001+,Novosibirsk State Technical University,Russian Federation,"11,640",11.4,20%,44 : 56
1001+,Oakland University,United States,"15,887",18.9,4%,57 : 43
1001+,Ocean University of China,China,"32,059",17.5,4%,52 : 48
1001+,Ochanomizu University,Japan,"2,775",14.8,4%,100 : 0
1001+,Oita University,Japan,"5,693",9.2,1%,37 : 63
1001+,Ondokuz Mayis University,Turkey,"36,179",33.0,6%,51 : 49
1001+,Osaka Medical College,Japan,"1,248",2.7,1%,49 : 51
1001+,Osaka Prefecture University,Japan,"7,746",10.1,4%,36 : 64
1001+,University of Ostrava,Czech Republic,"8,872",18.3,9%,70 : 30
1001+,University of Pardubice,Czech Republic,"7,266",13.7,7%,55 : 45
1001+,Paris Nanterre University,France,"33,434",36.3,17%,62 : 38
1001+,Perm National Research Polytechnic University,Russian Federation,"8,922",9.0,7%,35 : 65
1001+,Perm State University,Russian Federation,"9,252",10.5,1%,62 : 38
1001+,University of Peshawar,Pakistan,"5,647",10.7,2%,40 : 60
1001+,Pirogov Russian National Research Medical University,Russian Federation,"8,078",6.3,6%,72 : 28
1001+,PMAS Arid Agriculture University Rawalpindi,Pakistan,"12,452",52.1,0%,39 : 61
1001+,Polytechnic University of Bucharest,Romania,"29,437",13.5,3%,36 : 64
1001+,Polytechnic University of Timişoara,Romania,"12,646",20.4,3%,37 : 63
1001+,Universidad Pontificia Bolivariana (UPB),Colombia,"15,118",12.6,1%,55 : 45
1001+,Pontifical Catholic University of Minas Gerais,Brazil,"34,101",21.3,0%,57 : 43
1001+,Pontifícia Universidade Católica do Paraná,Brazil,"23,714",23.0,1%,53 : 47
1001+,Pontifical Catholic University of Valparaíso,Chile,"15,935",24.4,1%,42 : 58
1001+,Prince of Songkla University,Thailand,"39,257",15.8,2%,69 : 31
1001+,PSG College of Technology,India,"8,325",14.6,0%,38 : 62
1001+,Riga Technical University,Latvia,"10,805",29.8,11%,36 : 64
1001+,Universidade do Estado do Rio de Janeiro (UERJ),Brazil,"22,879",8.9,0%,57 : 43
1001+,Ritsumeikan University,Japan,"34,413",18.3,6%,35 : 65
1001+,Robert Gordon University,United Kingdom,"9,489",20.4,22%,62 : 38
1001+,University of the Ryukyus,Japan,"8,222",10.9,2%,38 : 62
1001+,Saga University,Japan,"6,799",9.6,2%,39 : 61
1001+,Saitama University,Japan,"8,579",14.3,5%,33 : 67
1001+,Saitama Medical University,Japan,"1,909",1.5,0%,49 : 51
1001+,Samara National Research University (Samara University),Russian Federation,"9,660",10.6,11%,51 : 49
1001+,Universidade do Estado de Santa Catarina,Brazil,"12,922",11.9,1%,52 : 48
1001+,"University of Santiago, Chile (USACH)",Chile,"22,818",24.3,2%,42 : 58
1001+,University of Sargodha,Pakistan,"26,206",34.0,0%,51 : 49
1001+,SASTRA University,India,"12,234",14.5,0%,52 : 48
1001+,Sathyabama Institute of Science and Technology,India,"14,381",16.9,1%,49 : 51
1001+,University of Sciences and Technology Houari Boumediene,Algeria,"41,865",22.5,1%,58 : 42
1001+,University of Science and Technology of Oran Mohamed-Boudiaf,Algeria,"22,049",11.7,2%,52 : 48
1001+,Sechenov University,Russian Federation,"15,354",8.2,16%,78 : 22
1001+,Selçuk University,Turkey,"48,591",19.4,4%,41 : 59
1001+,Semnan University,Iran,"12,496",15.4,1%,50 : 50
1001+,Seoul National University of Science and Technology (SeoulTech),South Korea,"11,912",17.2,4%,34 : 66
1001+,University of Sfax,Tunisia,"32,178",13.5,1%,69 : 31
1001+,Shahed University,Iran,"6,350",19.4,0%,55 : 45
1001+,Shahid Bahonar University of Kerman,Iran,"14,998",23.5,0%,58 : 42
1001+,Shahid Chamran University of Ahvaz,Iran,"12,309",21.1,2%,61 : 39
1001+,Shahrekord University,Iran,"7,378",22.8,0%,59 : 41
1001+,Shahrood University of Technology,Iran,"8,448",24.6,0%,44 : 56
1001+,Shibaura Institute of Technology Tokyo,Japan,"7,886",24.0,16%,20 : 80
1001+,Shiga University of Medical Science,Japan,"1,164",3.1,2%,43 : 57
1001+,Shimane University,Japan,"6,086",7.6,2%,36 : 64
1001+,Shinshu University,Japan,"10,812",10.3,3%,32 : 68
1001+,Shiraz University of Medical Sciences,Iran,"10,465",10.9,2%,58 : 42
1001+,Shizuoka University,Japan,"9,956",13.6,3%,29 : 71
1001+,University of Shizuoka,Japan,"3,002",11.6,3%,61 : 39
1001+,Showa University,Japan,"3,659",2.1,1%,59 : 41
1001+,Siberian Federal University,Russian Federation,"23,800",16.7,4%,48 : 52
1001+,Siksha ‘O’ Anusandhan,India,"11,703",9.9,0%,47 : 53
1001+,University of Silesia in Katowice,Poland,"24,174",12.8,3%,64 : 36
1001+,Silesian University of Technology,Poland,"20,646",12.6,1%,34 : 66
1001+,Silpakorn University,Thailand,"24,542",19.8,3%,69 : 31
1001+,Simón Bolívar University,Venezuela,"10,273",24.9,0%,46 : 54
1001+,Slovak University of Technology in Bratislava,Slovakia,"13,108",13.3,3%,34 : 66
1001+,Sofia University,Bulgaria,"21,988",9.3,6%,65 : 35
1001+,Sohag University,Egypt,"52,056",28.8,0%,58 : 42
1001+,University of Sonora,Mexico,"29,921",20.9,1%,53 : 47
1001+,Soongsil University,South Korea,"15,516",18.3,6%,42 : 58
1001+,Sophia University,Japan,"13,369",24.2,9%,56 : 44
1001+,University of Sousse,Tunisia,"25,335",11.1,1%,67 : 33
1001+,University of South Africa,South Africa,"193,874",155.2,7%,67 : 33
1001+,University of South China,China,"21,401",10.0,0%,55 : 45
1001+,Southern Federal University,Russian Federation,"19,038",9.1,9%,55 : 45
1001+,Southern Medical University,China,"19,306",6.6,7%,58 : 42
1001+,South Ural State University,Russian Federation,"28,840",17.1,5%,45 : 55
1001+,South Valley University,Egypt,"47,488",47.9,0%,60 : 40
1001+,University of South Wales,United Kingdom,"15,664",14.8,19%,53 : 47
1001+,Southwest Jiaotong University,China,"38,059",15.9,2%,25 : 75
1001+,Srinakharinwirot University,Thailand,"22,247",17.4,0%,66 : 34
1001+,SRM Institute of Science and Technology,India,"51,031",15.6,2%,22 : 78
1001+,Universidade Estadual de Maringá,Brazil,"22,620",12.5,1%,58 : 42
1001+,State University of Ponta Grossa,Brazil,"11,911",12.5,0%,52 : 48
1001+,State University of Santa Cruz,Brazil,"3,954",4.7,0%,54 : 46
1001+,St Petersburg Electrotechnical University (LETI),Russian Federation,"8,021",12.5,18%,30 : 70
1001+,Süleyman Demirel University,Turkey,"46,705",27.5,3%,48 : 52
1001+,Sumy State University,Ukraine,"9,293",10.4,13%,n/a
1001+,Suranaree University of Technology,Thailand,"15,901",34.1,1%,55 : 45
1001+,SWPS University of Social Sciences and Humanities,Poland,"13,561",35.3,9%,74 : 26
1001+,Szent István University,Hungary,"12,796",18.7,11%,49 : 51
1001+,University of Talca,Chile,"10,795",16.1,1%,48 : 52
1001+,Tamil Nadu Agricultural University,India,"6,279",7.6,0%,62 : 38
1001+,Tamkang University,Taiwan,"26,032",24.7,8%,48 : 52
1001+,University of Tarapacá,Chile,"8,708",25.1,2%,55 : 45
1001+,Taras Shevchenko National University of Kyiv,Ukraine,"23,229",8.8,3%,58 : 42
1001+,Technical University of Cluj-Napoca,Romania,"19,745",17.9,1%,36 : 64
1001+,Technical University of Košice,Slovakia,"8,767",11.5,9%,29 : 71
1001+,Technical University of Liberec,Czech Republic,"5,321",9.5,12%,55 : 45
1001+,"University of Technology, Iraq",Iraq,"10,450",6.3,0%,60 : 40
1001+,Universiti Teknologi MARA,Malaysia,"54,483",17.1,0%,66 : 34
1001+,Institut Teknologi Sepuluh Nopember,Indonesia,"14,624",10.6,4%,26 : 74
1001+,Texas State University,United States,"31,893",19.1,1%,58 : 42
1001+,Thammasat University,Thailand,"33,506",12.1,1%,65 : 35
1001+,University of Abou Bekr Belkaïd Tlemcen,Algeria,"43,446",24.5,1%,67 : 33
1001+,TOBB University of Economics and Technology,Turkey,"5,836",16.8,1%,47 : 53
1001+,Toho University,Japan,"5,204",13.2,1%,50 : 50
1001+,Tokai University,Japan,"29,848",13.0,2%,26 : 74
1001+,Tokat Gaziosmanpaşa University,Turkey,"23,679",20.9,2%,46 : 54
1001+,Tokushima University,Japan,"7,553",8.7,3%,35 : 65
1001+,Tokyo University of Agriculture,Japan,"12,221",33.9,2%,41 : 59
1001+,Tokyo City University,Japan,"7,481",14.9,1%,23 : 77
1001+,Tokyo Denki University,Japan,"9,285",25.6,2%,12 : 88
1001+,Tokyo University of Marine Science and Technology,Japan,"2,654",10.7,7%,33 : 67
1001+,Tomas Bata University in Zlín,Czech Republic,"8,546",19.5,10%,58 : 42
1001+,Tottori University,Japan,"6,096",7.5,2%,36 : 64
1001+,University of Toyama,Japan,"9,133",12.0,3%,40 : 60
1001+,Toyo University,Japan,"32,404",30.5,5%,42 : 58
1001+,Toyohashi University of Technology (TUT),Japan,"2,135",8.8,7%,9 : 91
1001+,Tribhuvan University,Nepal,"418,053",36.0,0%,45 : 55
1001+,Tunghai University,Taiwan,"15,704",26.8,10%,54 : 46
1001+,University of Tunis El Manar,Tunisia,"33,923",10.1,1%,64 : 36
1001+,Tzu Chi University,Taiwan,"3,492",10.1,5%,60 : 40
1001+,Ufa State Aviation Technical University,Russian Federation,"14,111",5.6,1%,39 : 61
1001+,Unisinos University,Brazil,"21,715",23.7,0%,51 : 49
1001+,Ural Federal University,Russian Federation,"25,000",11.6,11%,50 : 50
1001+,Urmia University,Iran,"13,500",28.6,0%,50 : 50
1001+,Utsunomiya University,Japan,"4,872",13.4,4%,36 : 64
1001+,University of Valladolid,Spain,"23,232",12.3,6%,54 : 46
1001+,University of Valparaíso,Chile,"16,211",18.5,3%,59 : 41
1001+,"University of Veterinary and Animal Sciences, Lahore",Pakistan,"5,794",28.5,1%,49 : 51
1001+,Vietnam National University (Ho Chi Minh City),Vietnam,"63,479",21.7,1%,n/a
1001+,Vilnius Gediminas Technical University,Lithuania,"9,551",14.1,10%,48 : 52
1001+,V.N. Karazin Kharkiv National University,Ukraine,"17,109",9.1,25%,48 : 52
1001+,Volgograd State Technical University,Russian Federation,"14,764",15.0,7%,35 : 65
1001+,Voronezh State University,Russian Federation,"15,246",11.0,10%,58 : 42
1001+,VSB - Technical University of Ostrava,Czech Republic,"13,381",14.7,13%,36 : 64
1001+,Warsaw University of Technology,Poland,"29,709",12.9,6%,34 : 66
1001+,Wenzhou Medical University,China,"15,971",11.7,5%,61 : 39
1001+,University of West Bohemia,Czech Republic,"10,540",15.2,5%,54 : 46
1001+,Universidade Estadual do Oeste do Paraná (Unioeste),Brazil,"11,927",9.1,0%,59 : 41
1001+,West University of Timişoara,Romania,"13,550",18.0,4%,66 : 34
1001+,Wrocław University of Science and Technology,Poland,"28,329",14.8,3%,34 : 66
1001+,Yamagata University,Japan,"8,913",8.7,2%,36 : 64
1001+,Yamaguchi University,Japan,"10,580",10.8,5%,37 : 63
1001+,University of Yamanashi,Japan,"4,659",6.3,4%,31 : 69
1001+,Yanshan University,China,"32,748",15.3,1%,39 : 61
1001+,Yarmouk University,Jordan,"35,353",30.4,9%,61 : 39
1001+,Yazd University,Iran,"13,745",30.2,1%,58 : 42
1001+,Yeditepe University,Turkey,"19,508",37.4,2%,55 : 45
1001+,Yıldız Technical University,Turkey,"36,946",33.5,4%,39 : 61
1001+,Yokohama National University,Japan,"9,889",12.5,7%,29 : 71
1001+,Yuan Ze University,Taiwan,"8,356",19.5,8%,42 : 58
1001+,Zagazig University,Egypt,"156,419",24.0,1%,53 : 47
1001+,University of Zagreb,Croatia,"68,216",18.9,3%,59 : 41
1001+,University of Zanjan,Iran,"9,980",25.1,0%,54 : 46
1001+,Zhejiang University of Technology,China,"31,228",14.7,8%,n/a
